-1.804050903868104,-3.9557243924294143
-0.6240534815440674,1.1048917239689275
5.714674031845948,3.445389631064057
4.592272718731762,0.1077225777288783
1.4297217946282514,-1.7168092094766867
2.55978421510513,-1.0669768259594266
-1.351441950390471,4.992514968494024
-2.237898910456195,1.488615490560622
4.033580920370489,-2.06672595591147
-0.1905898847208873,-10.089156665495134
0.7237480022468753,3.748775444673896
-5.938458115369598,0.1057512495102914
-1.0920680147329618,4.080816341848509
1.848161829105172,-0.795244280946966
0.0237545586948213,-4.048307456248625
2.341406601041254,-6.406728374899137
-1.9288762231678431,0.9528209156426904
3.1351184140565773,-3.315612298181068
1.097726715933773,1.975394504185548
1.657725438185524,-4.071784929599461
4.368103088498161,-6.769618352893208
1.987128588996154,-1.4961413587827728
2.096426679820832,-1.106300982919851
2.826744447683712,1.4479163300345192
-9.0367853811419,-6.410409528067022
-0.7431043495062147,-3.837985161355144
-0.6901548243116805,-1.3571261107202883
-5.163063153090169,1.8473666081133029
-0.5464280778442596,-6.283826374334266
3.119801623771462,4.561861273310853
-2.1812887162898025,6.997651380788495
1.7156262580289765,2.0566511923015045
3.178906091495927,4.138661994390531
-2.5528857334137816,-5.116130341398224
4.570955114719461,3.3587992747667186
3.943708085138285,3.774300882229655
-1.0348545392899458,-4.790098577500572
-3.630554940500577,3.981710569178365
-1.140797968131538,1.2187970512157869
-6.29260579179723,-2.719144701049656
2.478002918539201,-4.271063855995281
5.288974301073731,-4.20045760819983
-1.116586765787355,0.8169763864837987
-6.274593357748612,-1.1454741265830075
0.7949416100423626,-5.428001954516728
-2.8279036584078203,3.4011873672135486
0.403656321396235,-1.978660710810376
3.8925357807977066,1.4980090020923928
7.074816586258079,-3.70134925660302
3.60436227534427,-1.5999799921815363
1.645433954280245,-3.5121791576799017
-4.701065054343375,-4.351038575766976
-3.0154262182716334,-2.3946235449352264
-4.505920002409741,0.3094144933901901
-3.0594944745767143,1.303071518333334
-3.008433799306441,-0.3382739186357325
6.27737967118519,-2.6100946811706485
-7.057989395271354,0.1678642600327717
0.090287955454905,3.621553693108874
3.092207009939285,4.23853759952306
2.4590328981320706,-7.882182198108796
0.896926835213464,3.6292734886487694
3.19065183507664,0.681935731898735
0.2630993564828841,-4.026153631217033
-0.1853700092620789,-2.9556205721017283
1.2683334242584965,-5.244732271244747
3.095690314790355,-5.801954656137245
-3.575491463384554,-1.9595041024156687
2.449480575506071,-4.196670035907415
1.4441436014032751,7.904231463744879
0.2486875253944206,-5.898086127384822
-5.122615693574414,3.0340507312655816
-2.9597763190235207,-1.1825339094676677
-0.0613139815636811,-4.2308189827085965
-5.364663036221118,-5.378868513292038
2.357350460321162,-4.888441295920004
2.227713306854864,-1.58407678866365
-2.331012565630941,4.149423730676162
-6.6932217676118375,4.365841002568039
-5.078538442476458,-7.750654578059316
-2.1803748690490385,-6.02579726810439
-0.6354538306893159,4.469100187508654
-1.2226719615370771,2.6237055811086805
5.300009239734396,4.04121114023879
-0.5317744337672385,-1.74548817918829
1.0043886148730763,4.509582406143583
3.506712870209411,3.57979574717992
-6.397624148559838,-0.3957834474467528
2.144499402001346,-5.7590942382847
-2.754376823262476,2.862916646714962
2.425946645981043,7.219082508667667
-1.9868829380512347,-3.977408504314922
4.932008572590212,1.986444923471364
-4.504856891631946,-1.1694036668061984
-0.6698731427545787,-0.0956002383330531
6.743478621419667,7.069456894463725
2.145181067933946,9.002570313390622
-5.641919607653172,-2.4098295912898444
-4.754387927068092,-6.660787600387442
-7.647395728772359,-3.9951758144582814
-4.830601488093937,2.3803057243399635
-6.158405552003206,0.5582344444339257
-0.5241188674494272,-0.0934287964361114
4.826018804242474,-2.00384722023606
6.918000392117516,2.8123200393919934
1.2967285773824426,-4.302429422518654
-4.152288867215894,-0.2582377860235538
9.690041498342458,0.190415610067611
7.639790262162063,-0.7931504676528331
10.308105109528098,0.7364644045241415
-1.7841175717439277,1.292280060063821
0.0972568658997047,5.34403768702617
0.7989032911712189,0.3629003388820512
7.926843762484198,-1.6465333339397443
4.469818510506706,7.489744423728695
-5.731257087494915,-3.072191566663624
-0.17915520243351,3.736974934865712
-1.359111960526525,3.76133891721258
2.152402858595815,0.4023006650586171
3.387525235054268,5.991280532498336
-4.066172545953206,-2.024409016723957
-5.435202387221097,-2.987180522034131
3.5890788345795834,0.8187049433575768
-6.072856209704267,1.179276906859428
-7.002179908815957,6.441147811397107
-4.4011316467142505,-5.433962347584
-1.4456279056009622,0.0266165855082
2.9118548114673954,3.682592242616727
6.453145198634096,-5.596669279197348
-1.6703472686433951,4.223974476164306
2.6613169281008884,3.5965175829748666
4.823539931291583,-0.6009517247815056
5.076639679072038,-8.835013421663339
0.9043075569829798,3.898512976304727
1.7545781033716874,-1.3756673216733355
1.791023781901,-5.704842035131322
-2.972085202976,-7.715257845388616
-1.477643706300288,0.3466126933953242
-1.9039053213887065,2.331701849391662
5.863214715667532,0.3085934505692995
-1.494135739267236,-2.9252185931409795
-2.288742173604867,4.34494572953375
-5.446227852928733,-1.3716145869320593
2.019515577644341,2.989472602807121
-2.184500842130406,-0.9299201733406622
-2.843424098373394,2.5533801078274383
-9.497055567113012,-2.23947250719495
-0.4593302561304105,3.2298215362471656
-3.32046612031171,-1.200195179410925
1.4890672771870157,-2.7041997669343427
-4.664183129766513,-3.140631988613263
2.3417064083267083,4.521217339141761
-4.550830187912824,1.4556242961536725
1.8833121691797152,-2.349992894648062
-6.430124382177566,-5.796119712499935
6.20421591620321,-4.458011749982673
4.646233211927613,-4.3880853183936805
-3.8147939994320703,-2.017745469167288
1.4907742740378391,-5.340307257519632
-0.3382831886930809,-3.57618534345773
2.6384941430909707,3.896557911837551
1.386523119064012,-2.758167231839993
7.5063671370571825,-1.8757186573624605
-2.050083318470497,5.153690142074156
-1.698368909825701,-2.170866038825332
0.1562870203843853,5.186105867718715
7.084572523486082,2.653557015947544
-2.030679249017864,0.9550896223902204
-9.503931327917426,-3.246943277132426
2.724081854657173,0.2691415106246549
0.7341444152494481,1.5494958084488573
3.247414282260783,6.639999191058831
5.785426058811504,-5.894688849532847
-2.459095164123982,1.571866768172945
-4.389649655769266,-7.229417554138242
4.668002657718252,1.8101429669127755
-3.35628793197404,-4.039314606320594
4.507286822733144,-2.937039436090598
5.758501249390026,-2.832890985721604
-7.590740553233865,2.5223505447086203
2.269548805308564,-9.82962425381217
0.1130346388672832,4.830270500618531
3.842729907954849,11.06455554949738
-7.47175962475119,5.48836390479387
2.991806062609061,4.51059723098808
-0.5690876778254887,-2.5643852657907207
-3.0375553907300463,-0.7030068203746661
-3.993417736131153,-4.8250250418583045
0.1341620105212667,3.566434472106536
2.2689737248948587,-3.9616047723027616
2.650006930518781,-2.86251139508006
4.882551316048467,-2.4943339492653496
10.327980385936652,-1.6026093239898358
1.32742115448378,-0.8427646159369107
1.880980708877117,-2.945287991662348
-1.2529840607911042,1.5827260712280096
0.6109900107060475,-1.6828128434072804
3.1738779996615136,-7.584718998983568
1.0964190559729867,8.523868643794774
0.6061208603988331,-1.0171958035088715
-5.067166952864282,-5.635619525309913
-2.4811727306856706,1.84827715659034
4.045393361045471,8.209511856507193
-6.303893962161746,-2.104526416649816
5.955717813845132,1.6248188041782512
-2.6297932653285425,3.452667305284095
-10.37361228763522,-1.6628734997759165
3.844483476509562,-4.9844224988133865
-3.810816550017959,2.5364911041389435
3.711003974072227,-0.2803187794189324
-0.4485333925506217,2.589697383273163
-3.1601148959766623,7.22763191515366
2.865819394158484,3.442100494056542
-9.061792321104072,-2.043285395144223
-2.1131071984216208,-3.242837298170643
3.3824987337149666,3.690098982036512
3.9419197209792647,4.979493556508486
-4.290570776723288,-3.854764506185619
5.475829708886414,2.191219159509572
0.1711090908517136,-4.853915433388029
-4.180315524178139,-8.66029682070024
-8.326429822540803,-3.225979576955988
5.179210178691647,2.336710667829416
-4.149783306551201,9.0881045071138
-2.874342972714301,-2.651644806578217
3.850938733622952,-1.4218574951495109
5.874049141265592,1.074269363655523
7.799854125980184,-3.2555877535548987
-3.669322357759816,-4.091890909983189
-0.0131728944179594,-5.453399161842265
4.67430323007003,-1.2717478641175854
-3.5276797405594733,3.81860041952002
-2.696964158423998,-2.8608742789538413
4.081748594348614,8.234098835210094
6.042887414625142,-1.0852066633527804
0.6669388647091181,5.349155725510065
4.239108697588097,0.5932223240091183
0.8303612165714851,6.469469159713941
5.829239316329296,1.9488875377525807
-2.9263883555509183,-0.8209506938307313
-5.871293431152517,-1.0768473119311588
-1.6927858065959234,3.318860278981557
-3.686087238431926,-0.1566954567209172
2.878266087497082,-9.234834768643244
3.229585765688289,7.150916013122354
-4.73611218378712,5.698298389831599
0.1595000559694871,0.333288163054691
-1.5349373932875796,-1.5323033840718303
2.0861778396761954,5.284463309228632
-0.9277292920946416,-4.554083643736086
-2.816139429641924,0.5909934993298656
-3.422122016659959,5.014390594096579
1.570418468813464,-2.3573000500118253
7.448002942996591,2.2584741515921456
-4.705292495756274,2.859082625220031
-3.01765582583451,0.8544617109851714
6.999067533703582,5.787434774616861
1.1001345999738947,-0.4225747606813705
-3.828992139094846,3.010377572222154
3.044323341803684,-9.846937685848255
-0.3838280084381399,3.934584771087856
-6.17146382571537,0.7180423141338191
4.199650823467667,-1.0973275986298991
2.904529435729128,0.0785350438460709
1.9399655847242647,-1.175871689259181
-7.394602357769766,3.3205935697097853
-2.624234778963542,7.509874756683008
3.415878918778807,-4.166588764570649
-1.354253551582715,-0.5000859542987839
-7.005711329259372,1.116861958199279
-3.50423977159596,1.2478012135477914
-1.2445269772515246,-4.251377516724674
4.027956545721527,4.220270259525719
-4.341541221263826,-1.2437568117930893
2.376776856881167,-1.4619536821375436
0.6948134351644418,-4.453650801375043
5.330994911119649,-5.217036559338103
-3.370055147146917,5.5940619722131775
3.767845343874781,2.6420122243517943
-4.653482425109484,-3.029348903355221
-1.3859226168114107,0.9368776951679844
0.0743861998531187,0.3096696876009673
-3.9161067782286816,-1.9796756129008024
0.5056018628008115,-1.420428380402713
0.2938920081596232,-8.951447978313256
0.7815585192321857,5.206124323504718
2.813478474770722,1.819249413874929
-0.5200011207681496,-4.082830717854425
-4.966197882596424,-1.5246650787737357
-2.334356631313152,2.418066887313118
4.818481434694409,6.5322144153072434
-7.741169115721678,6.165911049787404
-8.000391725477204,4.99748126856232
2.396890699932547,3.45054114940446
-6.868759001808022,-3.06716285426368
-0.5769674352416905,-6.18481660325148
3.838069135660082,-4.3583433822857724
-3.1668783669469267,-6.986082932236681
-8.333850734691866,-2.2030422170477806
5.791465730693766,2.4369061763265383
-7.686050500316795,-2.398903959591422
-3.5001620266460187,-4.257372003512234
4.841569005451082,4.4069804132757415
6.007302103761544,-0.3572847452725085
-5.778499231509034,4.698124841587166
-2.278082246061247,6.245631255641393
2.7016623583031296,-0.6476038518619566
-1.2209716104696426,-7.975987396903768
0.0067279626977523,1.9678289202619648
3.6961926892214194,-8.167386228042878
-1.2143441304274878,-5.349143651378349
-8.139027275064837,3.757732609749832
-1.756739085025304,-2.450458206968375
9.955435200278298,3.010838361139017
3.430444260055143,0.067838406592026
-0.8314243353606124,-2.814810072540297
-0.0262437975045432,-7.01311772131097
11.38088999336994,-0.1773270050710682
0.3121208413889431,4.76599268907643
-3.141423025280913,-1.9402214463009275
4.862846780955418,7.205879184798031
-0.6453853546746475,0.2249493090111154
5.441318992652574,1.7060537881226563
-0.9180111990324924,-3.0980011414576443
8.953203420905043,2.774856821692207
-4.864413594918261,-2.380872951075538
5.9776398104998725,-1.5795847112780284
-4.597330082684333,4.979474782307495
2.7845579488976826,0.9287163935239624
-7.791262059647321,4.544128133036349
-3.9062835514069154,1.1696301115494268
-0.6277962240457264,-3.188163507091059
-2.9847036785055328,5.588531685639721
0.6313905874754716,3.267121198805884
-6.694907040025565,0.713581424548853
3.03920208142711,-5.579291884610537
-6.269831054605538,4.635532545169943
-4.894021818867694,-3.214641730542152
4.839157439070752,-3.5595834605442915
-3.539381583515582,-0.7905445104009906
-0.2639382657778598,-3.532109481441358
0.4829224426847257,1.5155210015198983
1.2405244983702493,3.26817007409652
-6.580866408637087,-2.760769749646907
-0.0788625554841031,4.886369712804975
1.7915408568453226,-3.4339451551670184
5.606024407320169,0.549489724021378
4.781984789362027,0.7159345402359657
6.3359394531115,-0.225868061443583
0.6827570687149875,3.965879617841612
-0.7315352606302686,5.5287226659740165
1.5890449462428775,-1.1399586724513728
-0.811222961029787,5.104338290394608
6.17461170914152,-0.3609555631228449
-2.5292316655507667,-1.979035463536029
3.698808821843016,-7.357440484689095
3.784576435566666,1.3962918824086368
2.1478544019046257,0.6146702039949419
1.60088418236064,-8.796982833699841
0.6815530940422497,0.5336758056609143
-0.8472338238337338,-5.938159606605858
-6.704293315344981,3.1560679265548583
-3.190055851022633,0.9284443261682672
7.725694265610619,2.449803992896633
0.429771008938119,6.204677040861728
3.281449065015759,-4.2445811008687775
4.8720755792855375,-0.1336666338842411
1.8595430630040328,-7.654224001011795
4.356360170864525,3.0217686614958854
3.4436008858775224,-4.3869725855007164
0.5392888947775293,2.545840988665557
-0.8745303069962634,-2.89320314854787
-4.435417244360452,-1.4589352690408803
1.310964550880681,-0.90534279698612
5.10956089111302,0.7037709374137485
1.6810883280831366,-3.415716483439045
-5.135037060596992,-2.4612808658400245
-6.697239275163846,0.1487838210737135
-1.4132630659852956,5.3541408312543854
5.732858026643311,6.5341092690446425
0.2194121810640828,1.5028031667020731
4.34929845240242,-3.250800607385563
-4.375256401881264,-1.383773389044625
2.00336201611228,-4.40567774175939
4.918295995847932,-0.975128137747572
3.273842356166221,4.104449696962277
-0.0099610869374671,-8.040219661910681
6.8240693579180896,0.1468991082143328
4.834466627290484,1.032162336154239
-1.0775972766086537,-3.613045292516948
-1.2139356623965103,4.474506174031786
-1.287241924715535,3.59151408392573
-1.3084372156860822,10.545932874112514
-0.3294733282799483,2.387104569044715
7.115099175312757,-7.555729831851089
-4.870825689341771,3.863160321825674
-2.838278292293473,0.1322956597710325
-2.436074582193088,-2.500809435797576
2.364095337041895,-3.457464259702541
-4.105772061449759,-1.2648210520221166
2.2634355484955555,-3.9494195706313215
0.4244593519265641,-4.35367564133012
-0.0698715692267459,2.4892129413909547
-8.774273695725872,-1.3155314707264427
2.570106783385862,4.440144955766697
-2.946596025932267,-0.6381936395480974
-2.984728513209268,-0.913005696090001
0.4632813933507079,-7.123336057879661
-6.380421653503057,-1.9383601924950968
-4.433017441492065,2.2000262113339306
-4.321048829849149,0.001164500049762
-0.6627746257653054,2.197168534844054
-3.085110989202944,-3.8213569399761855
6.849607176781439,6.801688903035074
5.59738650940106,7.24409005914011
-2.1437954083950936,-2.572004897375418
4.092693594466387,-2.385703724212473
1.513451280016925,-1.9051870485737483
-1.4491110711134294,3.791801931788168
6.442324600064779,5.44633849119842
-2.7331521487555333,-4.889378316141942
-5.327456534711312,2.524264430171191
3.0958882433747203,-0.8511428661794096
-2.996614683997389,-4.545611557601806
2.0346780938381,-1.057966309537322
-2.668899774348396,2.253278204167041
-0.3639655745484557,0.0721540541396475
-3.935414621395917,3.072355112563609
2.041397632537985,3.8759886083121975
-10.899985719449129,0.4215040105484045
-2.904280058267163,-6.625143753848638
-0.2748406998365204,5.1092974859590425
1.9199796031844991,4.283824589388932
-3.276219308089176,3.396492196213907
2.240692246508366,-3.7421002199731
-4.828379230016123,-8.669166713014363
3.871767436436647,-3.728981328329672
1.7887555847293584,0.3262844361918159
3.288285057222728,0.4541884916144651
-1.205149233980507,5.151896315077942
-5.310100864245739,-4.939898754022231
-5.317662229707067,-7.82450116881458
1.3804246732191063,-3.796303612479109
2.884492200706522,0.1935532932102069
2.255897281021554,-1.897432475467856
1.5361234252168554,-3.696468559624803
1.725373895166413,1.864699244172288
-1.287976412990086,-4.89199339003414
2.0638423009732363,6.325852498257128
-3.217574403331871,1.279694923090427
0.1854412368092904,0.0700586741590047
1.629736612924278,-7.730385805691907
1.2113332375425812,1.3540311434816952
-2.5429680481067227,4.220569986102724
-9.728985023085016,2.043589361101314
4.879007486827285,4.28117356883434
-3.645073366597813,-3.691181631412498
-6.973268814471735,2.0716711211259
3.028198905159297,10.27564809843781
-5.307755805152264,-2.114535916305545
6.359456914139836,0.9857339060530314
2.416692098361552,3.211204707882776
-1.2075031172167088,-3.975466983423854
-5.333630615453052,2.42081107907798
-3.422852984313346,-2.1323160124189933
-2.2764469982054623,2.127864604729973
-6.0690694515685175,-0.0078685263373665
-5.524591602278852,0.2966212890201197
-5.639402074410263,6.358891347428002
6.821179084285818,3.89513132550036
5.6823183345567125,-0.1076338475683914
7.907194669419062,0.8579173972500352
-1.7258386724935653,2.871602361009592
6.89609066264155,0.6634015010303441
4.719592786109636,-3.928540144770876
-3.859680855385216,-1.809942301101067
-1.945530938356925,4.080642430168844
0.3842723379180123,4.307114644000091
-2.786103693763687,0.1669557905645129
-3.318169757973295,1.562987683943664
-2.1596812331661988,3.9615491012556094
1.7236416197537043,-0.1517124443860729
-3.7625638154354135,-7.265322226339134
-2.5406430774609383,-3.5415161680782834
1.256828344649405,-0.4438319904553203
1.2192130608972915,-11.456007163784676
-2.382734424392419,-2.7659661427605977
-6.663501751258588,-5.023187990137449
-2.969593233288523,-2.2882384268682467
-9.55945656616116,-1.5065088782437868
4.319231261382234,-1.2872520417806246
0.9072815808171054,3.465110424460186
-0.5732412568727812,-5.7404409934575895
5.085688859724525,-6.4425457698087865
4.654857099195785,3.581051780699107
4.4637859534041935,-2.340608663437307
5.240882668530549,3.874576964950412
3.529278034988504,3.98071299620145
0.5543117364931083,3.840433949568911
0.1667676484528481,-2.4637477667292504
0.2173475849302883,-9.344331692687632
-3.965745830039227,-1.48466621415857
5.051839957758481,-3.968683636137039
-3.3362277156685525,0.9112446471196032
-1.385823054183299,-6.402824959241872
-2.1474705557982303,10.589818133456877
-5.2278983316852345,3.101726092099172
0.1460408724490126,1.5794972615402
-3.3990787344669235,-3.5199984443299472
2.377624931852521,1.9337055242434693
0.6416450701599615,-3.5382114752228344
-4.6628053114604535,-2.136490307505247
-3.840641339004708,0.8045750763451223
-1.7587147974487491,-1.316946583448416
-4.431960555368758,2.2319001046026847
-5.5084292138189,-0.5984921809211733
-4.976556326893467,-3.2807965511051056
6.872428386227168,1.174142744153498
8.362012331854812,-2.494983552407697
1.6715809860558724,-1.6327484939789536
-3.23482253277256,-3.700865290529952
-7.21804175254536,-0.8331855102523529
3.245230085541156,1.917786239062688
-4.786583393275655,-3.2229181820118886
-3.0820094595404663,-3.796542903821156
-8.59691438184672,2.711159025308611
-3.4446433432410584,-8.230922819147583
-3.363334484368413,-4.663910934898444
2.5980913076382635,9.070862092254847
-2.605620477204347,-4.649174820856783
4.132870088346546,1.120751112810479
0.5701666642181435,-3.1521998529746296
3.353538014595576,-3.0735481378502167
2.191414768614249,5.666794636792235
1.919685732874552,-7.365025940943343
2.669496143559159,-3.8220388506549794
5.073509474899836,-0.5465705275317418
0.4307292093501151,-5.777963192504697
-4.359779586190106,-1.4284702087015508
5.997227791734794,-3.1819671666738536
5.768317178365021,1.4278044833815997
3.6267949828295256,-3.2524531352620403
-2.166125938581269,-3.435110026363231
0.4452913981963178,-0.7533440171039067
-0.5261902955636388,-3.0899384490437023
1.3224314100053869,6.30322944283024
-3.5358301457177603,5.294796042432795
-0.280405551844307,-3.869161535285406
-2.362656648360118,-5.3147369172118895
10.340196525381224,3.011579475708537
-3.6724113177839097,0.3679461629673519
-5.269509828329172,-0.3613647692438748
2.0677496630766803,0.7393044309573239
-1.248795888103218,-4.534979480333015
9.16841708233637,2.508638442484466
5.239463010463343,6.64174112418336
-7.242379392511838,5.142891128406364
3.681084501221233,-3.722067384859565
1.3951376719387951,-0.5545952476915815
4.092658774234083,1.526041250173278
-3.867718694381114,-9.966593679208088
-1.7759214296497123,-1.4210820414550065
-1.4723608073762844,0.9858924790030672
-6.239360591234346,-5.544632629448596
-0.5339588774680251,-5.424173647233358
1.9596570016354429,9.121752501775395
0.7301022116812662,4.570519534748278
0.6273971762184444,-6.898983700449871
-9.66889174511589,-3.0473575985925487
-0.4958022735034189,5.298202292400186
-7.609223127216006,1.3150195956258135
-4.477465127558832,-8.450938740873177
0.9387083935574976,-6.268738851000024
-8.841295559510373,-0.4497285717526515
0.4891254804620304,-9.720804315000928
-7.401448140491281,-6.564134039865958
2.709391837051059,-4.559609010551482
-5.112040959900821,2.253117585871416
0.2176764794726983,-3.688657643362695
4.543913807854864,-2.0034675918198093
2.190241287313312,-2.975713107887561
1.420845894267967,-3.105928118376484
1.8834402072739884,-4.959442426574277
-0.412692881070108,7.778527199544438
3.800446653760685,0.5741899091178355
4.287606052163064,2.4953388874406515
-4.436343040038725,-4.40461301533535
-8.604734926136405,1.9667644334550096
2.408697968517292,-7.868076279492676
-8.208006509908104,-0.4256363125420314
-0.5665288193808895,-7.543208962313659
5.234173328419419,3.0472916751528114
0.3103312837472212,5.278405560915632
-8.287108720739312,-4.984416518587384
3.445476266037484,-3.838506232530488
-5.565341849317645,-0.2797434623775782
-5.661126765972456,-0.1294038224876774
-2.262101917371535,2.8363395529746915
8.176198012378894,-3.540080198464162
-3.472390643515656,2.77640057122072
-2.3863340147279635,-4.524117330504074
1.0249175077626218,-1.326590513643498
2.6942403020261003,1.5190154881735496
3.0490887410149976,-2.3704879406484136
-5.540537668977906,1.4501180472267872
-4.925662621325436,-0.1223875664829341
5.63274219715919,7.188398443608856
-2.8296778923132644,-7.7735607680866385
-2.593870972572857,-0.4166140491677992
2.281430055949971,-0.244561969547339
3.645586101957734,0.7753301579883567
-2.3063869071625307,-2.570025195973557
-2.3231710246592816,0.7168484895251527
3.934704635067916,1.49809570777949
4.282554842676045,0.3094561260670921
-0.2952038348118585,-7.978958955575605
-0.1495144877039453,-5.721889292674164
-9.78235235530293,3.659875036314701
1.1857893439739635,-4.759783093958145
1.430097516140796,2.4458790572517555
-1.1224199944956257,-1.623645270340037
2.106913180858341,-2.4572219880838566
2.9560896221607744,1.2993545517638594
-5.276685809056868,-6.481245177720481
-2.900230697556864,-3.34683063192151
-1.0864142019246783,1.8273747448202904
-0.9345513612488004,-2.6532542871831666
0.6738247603203613,-4.335259947305726
0.1929356507065248,-11.108401329421635
-4.736905737541794,-6.597233737858273
-5.927405301725403,0.5061190031245885
-2.706663895347085,3.742237534971952
-3.6641631106055126,-6.533258450187856
-3.398518478274869,8.502610698664485
-3.727376885833809,-1.395871755356615
0.6637768632835737,-5.276029807758174
3.827171636238985,1.5790268306940891
3.813212575255621,-7.585778092291636
-0.025381741370038,-2.215434557349647
6.15552325605003,-3.2080980016501406
0.8882841478171137,-3.0390555059052256
0.976415368083341,6.803733440380508
-0.3405614324770656,-6.58279133062463
0.8463887337820906,0.3020709590070176
3.873015787505472,-4.5071535587868325
-4.777415962864337,-3.486699065014775
1.3676698310561095,8.791399336766572
-0.4517318202418998,-2.781514763197704
-9.259645241107076,1.0042023435183105
0.8431067761432741,-4.47821823133221
-4.060897481436274,-6.2495615994622655
1.435907025208191,9.17862966598059
-7.918402249263516,-4.082384870038727
3.768256366305212,3.0782834741641474
9.744347901634397,-3.2310190513400787
-4.571119017178964,3.9151795595456975
-8.634790259248987,-2.808013302892519
-3.25344252808362,4.791208692792826
-1.4036606264762854,-3.902763734872194
9.274186125316051,2.6347617407953687
-0.471240434564712,4.663143198420549
-2.226024952252888,-2.271842518286252
-7.16494925663765,0.6669891396699653
-1.6946240467044456,5.644670417187326
-3.567727865649513,3.96680612058174
-4.082632739244474,0.5333523323623081
1.939415217740896,-6.921111516201359
-0.2025623835179634,4.281023956210038
1.3438209360542714,-9.351225885656923
-3.5573489923634023,-4.883128717355743
1.9871486536326584,6.3970538000805535
-0.6535016052176388,-0.7531406489727375
3.4116698761873683,-0.035977945773028
9.771768553569723,3.6942523766433313
-9.999034976996,1.1547327044539
-3.72525262765156,0.5805006024369047
3.5173860990943235,2.023347551155842
-4.795156855794073,3.5025098673673574
-1.5705384524239514,4.538040900936189
3.5359659735602067,4.279328025354155
3.248773586962704,4.193258436319142
1.2393129210302278,1.667333320795814
-3.266756743380587,2.118664510738592
-1.8944034634573883,-0.0577306818116277
3.858401334162458,6.256391679617066
9.372439526643497,-5.150978075252694
8.733567347104442,-3.449391029634095
-1.174360102373004,-0.860853251605789
7.648465305509486,-3.385098589293833
4.1056753003306925,0.1922181111336216
-0.1111041428736974,-1.6748945631452028
-1.0524986270990018,-6.825251669496448
-2.820166948151071,1.468506022457674
3.5359126581532405,4.342263021959229
-3.0928079170335607,-1.3422548601003512
-0.0801268929866291,5.109376389092338
-0.4369407419614244,-4.65949140204439
-0.3094363873435526,-7.273817099766244
4.783071557645664,-5.494708850370175
-2.744616570548557,-2.172041398136691
0.1199539948859181,0.3242427668704242
1.545806275828962,2.65023628339995
-5.317740239514596,-7.149420563411557
-0.8846869305657895,-1.7002822698761142
-5.893796893222306,-5.8245562597093095
2.404138248289745,-6.80105641030042
5.183358065462463,-3.0990342757387066
7.013352226484394,-2.0563094824809736
6.551152193019197,-0.8384259507012519
-0.0828023272787533,3.722093727584874
-5.29299973768231,-1.0746767716090704
5.150515099094923,-1.5942617199840607
4.041899346696449,1.4992235955450508
3.3163212436953486,2.323313583728384
3.72435199561424,7.200740343510853
2.4502644056558864,-0.4610520468551118
-5.530578737751549,5.700313310998373
0.9458191056401885,-2.509621258213384
10.544896958962706,0.3349515172169165
-7.273650618113883,-4.135875565617681
-4.499337734253282,3.4806496920092203
-5.937257270938347,1.0829832397334176
-7.063729019398263,-6.2933829014874005
1.9575311031198752,1.8063012216250312
-6.019822234578083,9.349050296298463
4.918415387288208,7.807426509599725
4.059238816994459,0.398377562298821
-7.104700377100552,4.642782348590745
-6.339283174691678,-2.211408566459063
1.2215637522550695,0.4373272136691392
0.7452628122180693,5.944975644884813
3.6334521894773135,0.4870232470493324
1.3239547723420748,-5.779460458038621
6.398349829801706,-5.526860336940058
-1.104538833289023,0.507205884212939
-2.316977230727104,2.423037930603587
1.959979385080462,5.006638503771837
6.192108907316115,-6.938823757036691
2.661062493687408,-0.7043294433439818
-1.9290950982307584,-1.3576235128565115
-6.010017827583844,2.58663072022284
4.293754240493043,0.981912916165758
-1.5362449024513305,-1.5570748815970048
3.608857567879833,-7.180023381959433
-8.681196768891377,-0.987701035937696
-6.930113527192594,1.7513591962952282
6.518522441219613,0.9213775233806948
-3.6840085338252178,-0.7425161632460057
-4.092788619744813,-6.866478891724235
-0.5312877238680874,-9.57459009565088
1.2918368879338535,-0.1374960780465376
-3.742005745038782,2.7589432717927043
-3.295225901593695,-5.152155452670077
5.24734203297228,-1.6043089014499594
-2.131917922307494,-6.150582241848878
-7.230447159841993,-0.552155130360883
-1.8150832859402208,2.2620743602815807
-3.6081755346080433,-2.377617537838204
-3.807781208479695,0.6680003878061269
-0.9996359533718052,-5.529176901289072
1.3640676661267608,3.735729820432689
2.429210673977015,-3.758159816254381
0.5596196718896026,1.6701288093427855
-9.799308294860513,-2.972579552311581
-3.575015117753049,-2.5408597256401944
-9.327914092213945,-3.744791519750661
3.5595003947148487,0.2134820377240865
-2.772599633727952,5.517657072321608
-0.5290315945531229,8.029141902073494
3.6527386299369007,3.7795714141025
9.097852272428025,1.801708852282233
2.2671033884185454,3.7744301590814953
-2.110951763824608,-3.801146694173765
-3.2530065357293374,0.0291579097989068
2.508776767400625,1.5349764540767237
4.305762993990577,-5.129952317536604
-3.897669749692213,9.46802276076782
3.001676335426971,1.5402017006501374
-5.710405499296764,4.266050155793022
-1.8678165056732443,1.399171788233414
1.841405344720336,-5.65430088417693
5.762936232827591,-2.4727835715484785
3.5310541119357297,-0.9235742500426584
0.4735990600818085,-6.138088713483835
4.755056931097388,-1.4867290913454672
-4.77259378230887,7.262994641084729
-0.2593145558974745,-1.332449026426616
0.5633272828137472,1.497569094975311
0.9388350663917756,5.786200281747226
-2.116489233761979,-6.771807073173472
-1.4990313651992326,-5.740718783001042
3.8098567769931946,0.2315051123579801
1.021155903839406,2.217905842394733
4.452535201998785,-1.728913180778759
-0.2174595253728184,5.120360819775895
4.389066351309425,-0.2071752067316814
-3.143448159361665,-1.3192773384947214
0.7741361909031265,2.075674538839373
0.4377132673514518,-8.476913238363318
4.411952116397719,8.643349433601164
1.213181859287299,0.6812072637768126
4.818027961449989,1.4704540856264183
-3.2802022679780456,-7.223760005100469
0.1914218406047892,0.3751216084876457
1.7999705913154662,7.4704111444986525
-1.0479358520246942,0.9556740140691744
4.701350652094009,-1.61297275477447
0.7804682969134796,-6.875267993180635
-4.471783521700861,-2.9366745626116906
-2.359455410624064,4.483560203496098
-3.16303099191928,3.86010297949046
-2.7739221054313816,-3.3016933337571905
0.1760777260625068,-11.219465438389252
1.3519424826676232,3.050142644190356
7.414721426826689,4.184238580745868
6.838403179135581,-4.071688438501671
3.3964258688447253,-1.8562052737475505
2.6866856604401868,0.5760865716802609
-0.5084263434330772,8.736999496673818
-5.308672023179923,-6.303548235442297
-3.050065667517716,5.242046708703154
1.798649330651232,3.220828111880512
-2.769629439535976,-4.36249082931549
-1.1741694865044845,2.054790715742408
-2.062615066806971,-5.65423767306587
0.7993108866319119,-4.354989982978321
2.4366622684507533,9.635688542582326
2.221595513905606,-5.873345949566065
-9.443893620096526,-0.5530573827312778
1.1789589995994252,-4.7411475272971
0.2765889190513307,9.227713631876115
-3.3574858410106074,-2.8325972678945326
3.539146657679632,-4.654196089869828
-2.4241781098670816,-1.6745252155890058
4.872802419598368,0.3533728740656447
7.079173454170744,-1.2705681160358275
5.111634539113445,-2.026992904284438
-6.718909350931445,7.325030220780307
-2.3451871466884864,3.295226212982946
1.569774487562703,-3.0392887995965223
2.9175589317416097,-3.450191388323904
-0.605731234472447,-8.008464586108637
3.2652983848050865,-4.00721478461278
-2.8925407372397074,-4.320387993364467
3.855558252975345,-8.999949477402133
5.050454411901076,1.4533834852776506
1.9839445147960035,-9.170699286769697
8.794739719773975,-2.1520350122813605
-5.10045199624746,3.2419570786555605
-2.644584383064095,3.481761631023125
-4.125446520443226,-4.731605098069879
4.411746119825737,1.371347029617081
-2.306676355089048,1.7520897560356603
-4.155859691100379,2.9029032160874086
1.5777744184646916,-9.431684791680691
-4.518349450571796,3.909711236836706
8.795692634864892,-1.2403688068458318
-11.3941448149183,-3.097362465868456
1.952790839235801,5.275871517811823
3.0264366615672933,-10.235251641337086
-3.5980685837605857,-4.077069537130187
-4.000594446885224,3.92646883565534
-3.486330430647097,7.166496046438756
1.0878150026214566,-3.27961096775474
2.705607455441527,-0.4525223460836517
-1.0331853933650692,1.991503476092762
-1.6878945547542703,-3.970299096444138
-3.7062400705851264,3.866531140599631
-0.5678879251804427,0.3654105550387606
0.8966145142535108,5.445252949293881
2.088810936056487,5.5188155187196175
4.8074636800998,3.485037641280374
-3.9109023916185377,-0.7426333468497276
4.5813982960475546,-0.7763495106177164
-6.301649246075396,-2.326258111728404
5.126236688796697,-2.4173782151454746
-1.6814042350882863,4.777110508771686
0.9927982248819662,-3.21794095351232
-0.8795968803244802,1.1513756562061166
4.4505489409556525,1.351777342940211
-1.1435365831143254,-3.035005089656992
1.1996201148316787,-1.020183548692633
-1.08952136643566,2.7574552272133745
2.381533333024745,1.477563876953057
-4.931991374681213,1.3637625095388142
-0.4616541399313495,0.3615339128267528
0.4756351790131696,-1.45333595054187
-1.7614516689137707,3.597469622970253
6.740656825669854,-7.597934802598231
-6.371604153947553,1.390053977213621
-6.579588612973149,-4.8137188255028605
6.9502413833441645,-7.239857841174691
4.6453884874646505,1.5560710233153563
4.97617179828526,-7.052225883032516
-4.866710256697852,0.2826090561089579
-6.576799358803424,-0.4104871269918195
-3.9898275536270726,10.187558637180528
3.210077979221845,9.093655049644015
4.100076436952799,-8.45580697645616
1.1339950021964924,9.153196404284692
-3.819745506156429,3.632620418039604
-3.67405465655082,4.371660736944473
-2.9046046224095456,-3.447311465642464
-1.2750528796945455,2.1833393725172243
-5.167415507854132,1.4391136641454
-0.9416002559258244,-6.538264888634964
3.753177658130373,-7.405752416798967
-2.8900240216679567,-0.5560698243820285
8.300417672330546,-2.744343063318712
7.334186173994181,-7.9905893964135695
-3.25977611949225,-2.9508456577322706
4.507129436066969,5.536302589037628
2.060068918130648,-0.1022255386813116
-4.100470426166497,7.718160995466739
9.533191930609464,2.2762532191148583
1.2286571993626914,6.634470253875286
-2.255196104292432,-1.9210415536777696
-3.6234575782614544,-4.268539856633304
-0.8302740545933279,2.550170877361823
1.0943624750731404,-3.952586983856114
-7.163505773434257,4.059230176861901
-0.1605828643362896,-2.773279414976283
1.0765231445643837,-1.909474360342972
-3.670823670398049,1.5063283927297757
4.275541910530382,1.3818182864107196
-0.4772340960038612,4.692191810267475
6.2532099930686975,4.962072447681023
-0.8735337027660176,-1.5041985148771797
10.254952399435158,1.407436380361776
-4.511249036489645,2.431596429988109
2.4017073020937407,5.436493877815597
6.241225941615345,-1.400364371978478
0.352611606183726,-3.6988180728891606
5.20181008738136,-2.86656906718022
2.847782753051207,-7.120108608932729
1.2898468025319,-2.754989316867452
3.714390143360133,-0.2404580773103166
-3.4618616621458047,0.0270028566989218
3.036126520876299,-9.524788924719653
-3.1908952306579894,0.2587948309884281
4.852548987079034,-1.3835088239962037
1.0366195387478387,-4.180046919382378
0.1453856358222685,4.359403229129361
4.0495859603559685,-4.87890581194991
5.983239591580642,0.8489235856002623
4.824829650896832,-2.83526439818888
-0.210231886765097,-3.05330036876482
-5.531880939486647,3.0836026001228256
-2.796749832240709,3.4653680097787483
-2.3611255314625774,-1.45475843149086
-0.3006609361682151,-5.109365891076899
-2.7561467415429246,5.145168663321157
-8.049892217104832,0.4178832021653255
2.79005736664882,-2.1325933504663035
3.481897325707083,-0.0132913006639377
-4.267179815125835,2.654335322122918
2.15444637383238,4.625962923430684
-5.226148263407432,1.493350749341963
2.9673572917437,8.462847337404423
-3.43921244664206,1.8942697789944447
1.1085137168507782,3.7295608556349817
-1.3778655120922163,3.8423087019263353
-1.8039307059444345,-2.7715973903231137
0.9189687809375376,4.525931423425623
-1.9130537909434764,-1.4287031846554994
-0.0662733331976595,3.002049693784372
-4.016376914407148,3.665169957201912
6.041494261791673,2.4889502155065744
3.8994572872401534,-5.502308382760622
-0.2209224945335157,-4.294228508400019
5.066876893191907,-1.923444803357221
-0.0725096300848988,-0.5303982948663718
4.3214323782678274,4.138411920659407
4.274394102729167,2.307163761943026
-3.337105719017308,5.126147839668318
-8.322620860091172,-1.022831310303892
7.2953523217051695,5.346576401927018
4.518404118092645,1.3874412725142784
-6.917644705500883,4.453588204170445
3.050064236115299,1.5111255599674778
1.118587019668157,0.092640066937352
2.161443674183277,-6.559542985733971
-4.463627892806353,-2.660502965881436
2.967391277699164,-3.0149009966110847
-0.6123474209731017,-3.3363395662111697
-5.340443523338547,-3.0374361479348466
3.813556462855483,1.519034420203183
-4.89222286063987,-5.515311144489219
3.1506609813902955,-1.932078574735084
3.111871363497786,-2.071374544991338
-1.0485313238751195,-2.4321896709849344
-3.987794817576904,0.4911254015541572
-2.176076943769628,5.441794397258159
-6.086620395851544,-7.457473496369698
-7.148654612709954,3.1362934341053617
3.095489644114898,-0.2337109703339343
-0.8713851133367582,0.7761197640831372
0.1384736436884674,-9.004421453738098
-0.7526006315294391,3.5823333005212943
3.253602665115676,-1.084351029288241
1.9288262823450384,4.165071532471554
2.184724275099106,8.185313728233032
0.3669912402405504,2.637570710512218
-2.961825568986845,-3.9375212157013904
2.5790837585103845,-3.321474083705233
-2.2916617765927456,-0.9605519988606164
4.498680431018093,0.0819864586303006
3.420285379546679,0.973010283503681
-0.5202157245264402,-2.130588037985225
3.547589474353295,-1.3329947382108809
3.304085255242149,3.763545271275567
4.681471391309074,-1.5783762574375002
10.291505195661092,-1.3764352630150611
-6.192868761459009,6.66915367615402
-1.8995799648856129,1.109789423817509
3.8187043724661778,5.237203680595374
-0.3416389758585721,5.51327167187751
-3.907720368562194,2.577950014467409
-5.329220562438463,-3.0681191168784148
0.2853414476717913,-5.543573405194334
5.33473259726699,0.3666184350809668
-2.03895555689002,8.150291242181561
-4.992760431771703,1.6938190070733925
3.7417865369805168,-2.2013284895062903
3.706273537548856,0.15364726442842
-3.378809719592792,2.691485696404197
1.003247256004301,-6.463248176368791
-3.732353627280283,4.02344638287051
-4.146396135601574,6.492538417795075
-0.9549219090100362,7.868409672581079
-3.462314041667366,3.0731096245546663
-0.0958482877958872,2.200150611867798
3.3132009785438865,4.056276529220849
4.206846413079149,8.723638032962063
4.036733443337129,1.5756185503553668
2.4197191077240467,-5.916230379459624
-4.688218946055621,0.8178827891178956
-0.3530400811118675,-2.195711260852817
4.078767390795946,-0.8558556707951435
3.2942681100917977,2.830545514755104
2.395515289927133,2.83899064312264
1.855310498087884,-3.9556574842871695
2.9343241568105234,-2.7209419935011034
-0.9218220607915614,-1.658101926509435
4.466757221943484,-0.6015461945099573
-3.729790436231097,-2.524164927292786
2.3008321776708858,-8.22853923847524
2.139506761072416,-3.8424811674489536
0.2880959484121688,5.861488501245894
-0.7079836115995519,-1.0776902297302455
5.418772526102404,-0.4352242929256066
-3.152101072453178,-0.1949168894716276
4.4048725939087925,1.9599526057378944
0.5663168107268903,0.6440776509580425
1.165655512753074,9.503492322543329
-2.910996251789762,0.4844419173319938
2.7526587344273734,-3.7569650424376
-3.290435794895321,1.1993060449365096
1.724095165366302,-1.9928840843430968
2.849598554957464,-5.260551095967093
0.1153263489014221,3.963852398514394
-1.3574918287025348,2.444690117974506
-2.078289868366669,-6.33561571570289
6.925341397848579,2.01465349822592
2.622606003726656,-3.347906200391496
-3.6052952545127295,1.7364293644578224
5.328508701054271,-0.3983866571364411
-1.6279080567945687,0.2393724604106984
0.584442828727843,-1.5453284950696844
-1.0420557746443353,6.577186754843635
4.507498718077044,-3.3021509474261816
3.019485360856537,1.817987001276808
3.8405736050305577,-2.5343929958748204
1.6081655283494525,-4.587504449855461
2.336597961093897,-2.979561910800376
-3.489478241171979,1.6307115324400194
1.3641333201107615,4.397965056181665
-3.673002318539009,-9.187258133445482
-1.3063615189422462,-6.204802360071574
2.648827806574965,2.1597498080582147
-2.7104730258222416,1.0978194807818622
2.4869394313925888,0.5006958554345103
8.406206073794763,-3.3518063720757905
0.5299784386683285,2.400309274071115
-1.600691052050374,0.7787928467628066
6.159903323189152,1.1844493303037158
8.661022444641636,-2.2734972618474303
0.8554894410540472,-2.034369028734112
-3.809400203133215,-4.054831234241018
2.313111011525944,2.9110617758628643
1.527452084764356,-5.363121941378866
-3.2984622688536005,3.406056004669327
-3.789177586466988,7.1692000227093775
-7.188115402101271,5.551143901694156
-3.0418699885243563,-5.758140112002177
0.8792701599288388,-6.435396878841804
5.395906754476321,-0.6555593360946572
-4.858509273712154,0.245138610004864
2.497776901674158,-1.0201555442228418
-0.7008995638549087,-1.917893944826132
0.2314270322190259,-0.5197662320203826
-3.066396940684294,4.219432887434279
-2.0621872787673445,-5.604666940425846
0.5225214982310539,2.518229016162473
-0.6674714755937018,5.443495484434524
-0.1525106400204147,-7.795195996749625
0.3944066446649679,4.831015305326266
4.331224859142074,1.857221202192332
-5.128432342165062,-1.086277434459933
-2.9590529639546217,0.9234673664203412
4.684927499648322,-3.894261514372012
4.011180143005678,-0.505922095814273
-3.1879650451185566,8.915746175827174
2.554628553224985,3.54446820589377
2.5981494624199013,4.466584747006036
-7.556641685058336,-4.664441239721678
2.384664818242108,1.9231515749125243
2.6926360664188977,-4.085664788439314
2.3312615443246885,4.6831257980258645
-2.3095673729080275,-4.973345804233728
-3.88666882145982,-1.8808994020333183
-8.714025162111703,1.45081535175508
-0.0212349404764145,-6.143711211053055
-0.7137903434193263,-1.516081219263392
3.980979662048828,3.6842396926156376
-3.9637378335406095,-1.1327832775162148
2.5849061666061,2.71282778416494
-5.605019808906307,8.487244714199084
-0.5063882239732932,-4.026511526790924
-1.559627614104808,2.186879778395773
7.5444788580938225,1.5507775108688064
-0.5616253003237778,8.402273581412063
-7.271818346485386,-2.687870668611973
1.717562771517037,0.4481474018739678
4.72958179502157,3.3289203811855232
4.096271460830644,4.412584012726039
3.314687543054632,-3.2286877279736617
-0.8575638796499254,-2.7049621927206102
1.3428817519524172,2.5187506599125307
-2.3512028318961566,1.1165328494620042
-0.0731428810189227,4.483862377296323
1.538192831675811,1.7836666120607123
-3.800441429253565,-1.3997061920456748
-0.3103127930452671,-4.675502749294624
1.5677025350694034,1.502629616933615
-5.616826314411001,2.177514520059948
-0.8001453075769211,10.415620245514708
2.768857213062667,3.861297690133348
-0.3566367673100245,1.6990055417575345
3.164265872259572,-4.023270742076891
-0.5749044946202176,-9.28322555444528
7.187785708596344,3.207801701766328
6.625514319534778,4.617822063482635
-0.883781641301279,-5.885329354771786
-2.261298329586268,-2.086238541844738
5.3115763045587086,2.152715332793886
-8.644470289298676,3.6811513835449454
-3.7157959659785895,0.3889626005115731
-4.423306835937915,2.749045429808429
-5.180036896825524,6.936522735901377
6.295723337196596,-0.5049594740246588
5.039521683385789,1.2030935356089651
3.154740973079526,-0.8314993643463328
3.554938220270666,1.3741762355205596
2.3177499666007235,0.5938226158859679
5.55226634013096,5.477167512176777
-4.38419314621723,-1.5590206979489414
4.873326726031694,-3.4968478015211977
-7.340952109813799,4.6564335341263545
-2.4551902090308184,2.423560385823909
-9.947278642312703,3.7074477735337137
3.587700890398805,-1.7429866585123588
-2.908498656530332,0.8746804668545483
-1.5952707566582929,-3.70066770965292
5.613496414028957,-5.310557265654123
3.121491858058398,-4.558825661709112
2.7155430730523324,-5.0716071445354025
-2.240909334400043,1.448630864178717
2.9319441988234787,-5.091289079013336
8.544215881527467,-1.3235004453458274
0.6081422548790941,4.402726768271137
-2.001743951312074,-4.332723439107111
4.9388602668770245,3.676057334199065
-1.4018978652676812,-4.387159744482311
4.667353788264541,3.5936184399711646
8.755058116094434,5.738078110732199
-5.273291366809001,3.352813177729703
6.512384928930403,0.0116628816601718
8.955137624673144,0.0699536257006217
-0.7511961636099753,0.930232058541756
0.0990141542353743,2.771423400834653
1.2735626405405092,2.373368092687612
-8.136178982906596,4.299008856776539
3.7408796329364256,8.524676036140116
3.927475208871021,-3.978587750853285
-5.624548210131019,-5.073043607480206
-6.873331484088027,-0.101318884515347
3.8922339193779214,-0.1168435842246504
0.7681615918393336,3.493463765110437
4.484442246894391,-1.6275354102294477
0.7679418457872914,1.1062815505219128
2.816224156166974,4.816246120763755
-4.193508645410178,-7.04713853415862
-2.829058983309995,3.4920585203611165
2.3743285228878976,-4.481801389489746
-4.349041123385391,2.9655247203172315
-2.719091274923481,-7.982911311495063
-3.730048364146259,-3.0425192832610977
3.1782999139841683,2.614344454460478
-6.470875008846547,3.196075824568794
6.437671492691824,0.9013896100555336
-0.3035260736204901,5.541200930655871
-2.757219250274288,2.978439588889615
-5.803360151189007,-3.010118210984975
0.7970950543429391,1.5073224645016932
-3.687020187518802,-2.332219183627387
3.714616096630552,3.0548398226300124
0.6836222504778912,-9.048932343848364
0.3660199150289085,-1.810936310072091
-0.5841919285096416,-3.5798786087673697
-2.9637853405038874,-1.4165075698187175
4.588223977086269,5.745565987958309
-7.514991043377678,0.9619685324929852
-4.690346468650598,-4.650067275649221
3.8842695219349856,-2.0320668868494285
1.4877056360026404,0.1497316720149308
-1.1037041945760235,-2.740873773857264
5.452120474422975,3.142703424957059
2.508732238269152,5.1083340053901205
-9.50266005605893,0.0685667291277369
3.130175370874534,4.094505133247745
-0.7722504331857614,-3.485740069824371
-3.4156476254146684,1.2241916124991434
0.0481893569007976,-5.6708449216895405
7.097470848047334,3.459682829675424
5.758299316588921,-1.3251222706552137
-2.275079225866839,-1.565989111475498
-7.607196860832108,-1.4182655408689
-5.49554422813043,2.66560787571954
-3.915377643408599,-5.7449294354847495
4.448601867070627,-2.53673477183379
-4.281537223069995,7.828336786782222
4.767290460373458,4.0477694497193655
3.6760138877048254,-2.1487783648924887
1.5365868919635697,0.9740364753849726
-0.906223999254909,3.575756369622067
-0.279883538538326,-5.209912830480808
5.47099856287374,-1.6941702239181629
2.784396014430865,-5.295947894164746
3.3301000979523825,1.8283059388678349
3.132703929119129,-6.113738673564323
-2.6185427065133955,-1.1302511893738814
-5.508791177235887,3.41580632040806
-6.229073815594216,-6.560171642392425
1.8757993432848472,0.0065888641941416
-3.3985723942456647,-3.0116687642892748
-2.4730715595697355,5.921812642033179
-0.1859683624937755,-8.554953106510196
-1.3595839984508034,-6.22190016171188
-8.298785568035667,-2.940987629018029
-1.53203518789522,-2.1100545160070823
2.224376315733908,-4.883273404175758
4.776703300530422,4.8493064255403135
1.139793874230186,-2.886117210976585
3.377636554020976,-5.761923008471453
4.7882142803723005,-4.439474975112931
-6.852802353123598,-4.262443325489533
-1.834611202020797,6.630906857843824
0.7428257822537947,-7.130713252837537
-4.714120422662639,0.3504473155676824
3.164292344820109,3.234612161923168
-2.0988444652778284,4.643149161050415
-4.2629609154486,0.7245589431101879
0.0975224854906195,8.136612378962067
3.483838084694916,3.95289725425174
-0.3199838943607127,-3.637751131851132
0.7658284851446403,4.648657045433375
2.7162300434636304,-2.973330720666179
1.980245127637146,5.599435854862411
-6.242444608291915,-4.992289130114261
-1.14734904845872,-7.631165273183873
6.3293597019564825,-0.4596257063616924
-4.218914743741727,-5.8266604379118165
-2.7274465430624937,-2.130854111119311
-2.3085110812095286,4.18233220790997
-6.935310811606789,1.1184994289412993
4.150313233276495,0.8957243818105607
4.033384928848746,-3.957019671252602
4.3733938652566495,1.7974122828893564
-0.1267350330296607,-5.978990523559344
1.5896925544005096,5.053135062385153
6.105283553947084,6.050085576559825
-4.680872343275521,1.9688676427771523
2.093224683573514,-6.884144487710669
4.013827847388351,-0.7949847554114167
-0.1116912083598379,5.066477039700578
5.334256866143265,5.533677851028319
0.09026862710189,3.0442896401629214
-4.790664532891575,-0.893666542146459
-6.433620841704207,6.400316461468925
2.8859418231906053,3.9549153102654415
-5.044806736677259,-2.3724015197869006
-3.7824972290865055,1.5664197018725583
4.098244919655224,-1.1905820290507518
-6.4817097354052535,-8.034723731860373
0.7063150689470035,-0.5504192072922065
4.222268977955941,2.453113467958881
-2.729462036616971,1.9988233614187896
0.5232131764722698,4.707890527636248
-8.923875057905898,-4.684506041084133
-2.589239969941932,1.2446915279323418
-1.9789796778722,5.865339719648697
-5.809798460271579,4.058952580278852
3.703393475906685,-1.6263416779828452
4.474155059519506,0.5167233990848402
2.1646053024567333,-0.536289687404738
-2.0398431837433404,-2.168227429555577
-3.4547343559851704,0.818996494304557
2.6460109217897383,-6.2258171279843415
-4.657672352381843,-6.2831628196063205
7.392122701507527,0.0813154503739122
-6.144278895386781,4.639364431354996
-4.424931754147735,-1.4772486910336828
-6.874285267696997,-3.5695135490952774
-2.5191875740922223,-2.1574631509685607
-2.280580876335622,9.978846159171011
-4.446720359539547,-2.921605702119548
5.334994421837252,-0.7584653216437571
4.638280351544024,-2.5164477066237536
6.710842866124009,2.3811732308889653
1.0731253464118369,0.6000663410002
1.113613466685775,-8.612892568160294
3.551190917627827,1.9769626936724825
0.0322175513123983,-5.355678174165111
2.325487422465476,-4.549205106927345
6.463096378408362,1.2323219897981406
3.5546841177718744,1.5546770832494907
5.510257216031931,-1.378228394960347
4.843501531119069,-3.3098310842675005
7.098927629082398,-3.1241404525666736
0.678704528448562,-4.808594829121376
0.686210887519728,1.6040801936114102
2.398663990465531,2.868277838900734
1.166037733908598,-4.832490258734602
-2.643942928399398,2.723775858507611
5.824704694444564,-0.8316053386066422
-0.7779887560135578,2.9367604347920127
-3.4045517181408105,-4.268398919361326
4.679553990018367,1.84210145854242
-0.1781184190068077,-0.5860172186928655
2.702509302697251,1.627838728890593
-3.277516046943639,1.0361464801203026
-4.535966514608664,6.067934533323584
3.427203757613484,3.730548756979869
1.843827646273724,-5.250096588714016
3.3021908356082497,-2.0348209579868124
-4.36153903386302,-5.791236235435525
-1.0691073132089712,1.9253964785991016
-0.854580428414652,7.277672315878626
-2.0008200007733152,-0.3823187949180187
2.084249716761433,-6.647148015554785
-1.4308001159860215,1.553839910398131
-1.225897395800959,-3.754157204352374
-2.3118449553031346,-4.916968294389644
-7.37591771881716,3.932576919115998
2.43735357482807,1.5875099029297155
-8.746269046441101,-0.6487846057097093
-0.6048186270095604,-0.9510700027423
2.7347726741481053,7.912028354786182
-1.7352759655346173,-2.532222263404868
-3.574477674952651,-2.360983517122154
6.338420062381183,-0.7304222323105531
-2.43086894024318,-9.70624438271953
-1.3643008371809684,-1.8018774950679608
0.4358757571676217,-3.4895193062161525
-3.1233835834142205,0.2468832276027464
2.654475324945553,3.11010930449428
-8.484771709832092,3.7837163409286174
-1.047610442674488,3.654584685971525
-1.0517071974434915,5.587308710473719
0.0731088261648832,-6.325199643133609
2.3695234437266803,4.653044860502669
-2.017606784673031,0.6409303306568396
-5.842201596050177,-0.4896636241118036
-4.244073371581552,1.0301299960591783
2.959798605602452,-8.441887943530098
0.6988527953968848,-7.130747609658759
-9.107644515538588,5.171842089956544
-3.635127764325401,6.372148817318618
-3.0997710058138224,3.091223428744246
-2.396102395001296,-1.6452319256785806
-6.129691575840799,-7.383250384066667
4.321312107574825,1.0553488985336563
2.323113051977459,-6.479934797650527
-0.2067471180448883,0.6587969274129415
-4.580385975118289,-0.3430365632318116
-2.983995736521887,1.012925009387746
4.012004530260458,-6.060209401036816
4.810200353050085,3.4803986463488115
1.8244676624948903,-4.290986697399905
4.362142070516819,1.2856743542064228
-3.9854696030087418,-1.3669029025590445
-2.734835888689381,-2.8115175748327976
-3.015975192393504,8.140814983017375
-2.765738873102832,1.0308413550943685
1.9043159783164365,-6.237563238960761
-0.5621268689221645,3.237282830487349
4.169093516518033,2.4070404589484315
-7.104869213111868,6.343200359622637
2.304035067051516,-2.35256531838344
0.7883830424647523,-5.494830319492713
2.9559148563309687,-0.0159564307226489
-7.426734167018034,3.5092505363365136
-3.574928986222937,7.4458630745145875
4.631543269882178,1.7077256334684416
-4.10853604436781,-0.0682714445126882
-1.6034025259350575,0.8329321187511638
-3.557413315128743,-8.7836016778149
-2.115813797620918,-7.261669289558445
0.3614765685938531,1.3825158247733096
-4.453984545683324,-3.805829518020967
7.442957966725884,-2.412434780192597
1.838109749345013,-2.3621549837068354
1.9026565189947984,-1.9360942216231936
-4.784664116690092,-4.110010232765752
7.989488366345047,3.2625902431860534
-1.4938598126773093,-1.7308363845134145
-4.492118143653374,-0.6397347992801825
5.613460009130955,-4.875773240339231
-1.8844161747593184,5.1829142519424005
-2.6028578854759243,-3.629106198943518
-1.1441883335819136,-2.767655783293933
-0.8278544701443529,2.772426406829056
-2.436898494764628,7.320262602805175
4.322524915992001,-3.1570028652118034
-3.4952683171882,3.792170689218738
-0.3885367344855565,-4.37817345113981
6.434160347710645,-7.840817416949621
1.6046879227159958,0.2992057342801784
-2.156539807197578,-2.7979959146649254
-3.587862171496735,0.9004956686332609
-4.364170999545365,-0.627816032423063
3.778508313852778,-1.6813069615446317
0.3421069858193775,-4.411919233847643
7.689412598843774,-2.527021125073719
1.5428570086538749,4.961150060232158
-1.1759234822308255,-4.563131717219764
3.7059179745971327,-1.266358464188586
7.283808617646111,5.64258780777512
-7.409547433368957,-2.1093879808751
-6.478647624898565,3.1612715087434404
-1.1479123535692637,4.279306279759535
-0.8441550038848135,5.679450839989914
-2.8798556909425748,-1.6044921270016483
-5.780641433763071,1.0770709601735062
-0.1663096009723937,-3.461884186970075
-10.454648833390378,2.862118578243631
1.5648131458016328,2.602453274840004
2.81333204339154,-0.1664499878110775
-2.403919644579589,4.021461922367399
-3.076592973058273,-1.7780556575990265
-3.80804219114714,-3.0863575942558925
-3.3606625738838165,3.6192597676941967
-4.246225387864914,6.659575867996917
10.190525175221996,-2.5117081438231907
-0.9177320327267968,5.036664553037656
4.119497881551671,-3.399846212025167
-4.414667952071264,2.6675307583387418
1.9785594020948327,-4.566377349028694
2.7039220149625343,-2.2351202663338205
0.3493510976578498,-1.7221397987941085
-6.071907425225506,-4.86499167620548
-8.109504126610586,-1.8059049170869388
-2.253520645757813,4.426947531213326
-2.7508504359643635,-3.778706361470369
-0.7905443556837087,-1.1031168005944234
-3.37784896516321,-3.9802363338550215
0.6025674233702232,-1.4351161469178295
-1.1134855761195508,1.433197739431395
-2.606424575642936,9.498985295592934
-3.704491207419535,-1.593355858374999
-0.3268906178115173,-5.641646076432092
0.3359298783702028,-8.668173048185208
-3.801190878875048,-2.087966558819346
2.238586248058862,-0.5759834185330113
-4.725612367433118,-0.5332919267484549
-1.0501903482778068,-3.2838997023371044
2.6523722054270937,-2.859353623194533
-7.254124196803298,1.1347682665553576
-0.3949778102399577,-4.932969351225659
-0.9248366598336698,4.63125794320452
-3.512907981184913,4.216447733727509
0.765865531792075,4.694119564004128
1.891863399732273,-1.5490870305783782
0.935467700589112,3.184648451298635
-1.0496715571054414,10.58612119293091
-4.094234240884025,7.72689002967025
-3.67448111631855,-2.958750141820964
6.037307415055208,3.940136052970148
3.6249063849815504,-2.330174728269365
-4.732953928257985,0.8937619656365835
-7.943956335537695,1.092457822774212
4.700364223030981,6.913759135283739
4.401958952319754,2.466700696893394
-0.4449854846903505,3.191451196770338
-4.374055821230911,-1.4108340455951385
-4.910219682143018,3.5517979695076685
6.875840221441157,3.428949400434109
3.745480308815306,6.1918322491568185
4.638790115070092,-2.490649153464263
-0.596559019017067,2.444524147851758
-2.647327509130993,-4.3546160737442365
6.298442648606679,0.3582308450835045
-1.6636247432259237,7.599077052201126
-8.137015474033001,2.7226054220155413
0.6185068363346267,-3.3623188587603057
-2.2182407210689683,-8.717706643529645
2.6791243499811137,-0.9437417729881462
-1.1220339556745436,-4.112866635702065
2.1444831006241825,-4.324331469456654
-4.817595801831067,-0.8898126177520993
-0.8259305333786766,-3.264562803487053
-0.4514675136975726,-2.0472435998949927
-1.811186610080872,4.408575531440123
-8.364065163878019,1.4314941161935737
-3.1533663014376545,5.00067534104822
-2.8626234340837216,-2.810418551203967
-2.2624783804713244,5.618007323860006
-5.509139440760265,-0.8765270701883825
-2.832667509830634,1.7018371427129595
5.000186427513025,2.3672305717887805
-4.8591662710248205,-4.830166218037554
0.7931032401339979,-4.584299769139183
-1.5292102213968382,-4.638656897652527
-1.987017887093848,1.7707824551664473
0.3892379978838184,4.887870416081026
-5.085072212136971,1.1909072722764604
-2.9365480726720588,-3.640164670401326
-1.6397001227821266,-1.5844608621736107
-4.977137289424935,-4.207224467158259
0.504095893438709,6.20526497297479
-0.4363935646039948,-0.6651768644838469
-0.7530942194989776,0.5950253650877934
-6.223194877408809,7.823377482463823
-2.4682758086529355,-4.663131079004386
5.459779153394876,1.1810936023454586
2.6155398161114247,2.355009742821275
3.685672491025713,9.31133509214922
8.28242433157798,-3.7306367146880666
4.894173326834716,-5.358218136325587
0.4534177495838581,-7.185135431874076
5.061702486423,5.454287819215899
3.040762110370761,-3.4362206883667588
5.049977911150704,-0.0017031761424897
-0.9118671031526272,2.6110656958837737
-5.313021595728212,7.8998250644076125
3.611556554955389,4.6491075844840495
-3.928255864172381,-0.2898119803189246
-1.5267901380312727,5.501009604508076
-0.3417840581173375,-4.867561706011093
1.231874766711506,-4.969847993085339
6.875484996509586,-0.4801775344315269
-8.031491581264333,-1.2782060557799713
5.499048530663841,0.1007059250578518
4.172831746828076,-5.615937101066828
4.70908609750424,-5.753012568090894
1.755004239591052,5.248224325236287
-4.325004815144629,0.1498856199354187
-6.538059761355055,1.1455000552733534
-4.807620341813588,-0.2269583597410836
1.7605289220698872,6.633749777157163
4.326058151020334,4.681358008618525
-4.630771570445501,-0.5277310550948542
-4.094604306506601,0.8401441230526487
4.479528730144251,3.547653362227307
-2.484109526609302,6.247710215250275
3.219782888711428,1.3521195440922265
5.279793169447999,-5.973135552228883
1.5718845210310768,-4.2241118850928805
2.307962322354442,2.6158905482136188
-0.8295746293951053,0.2288943638302548
2.071952772005354,-4.965718557409596
-0.5938977659693364,2.043186854009838
2.5630313142719485,5.968981065613296
-3.3738265225749027,-2.7697962894537893
-0.1239851021246463,0.5261429276625765
-5.813813693313062,5.85154962536616
-1.4257936065306154,5.8587727441519935
-2.120338858590248,2.461021154047827
-0.6390403739240351,1.7263858058916774
-4.96163618057809,0.2310449538229437
4.008107347606247,2.489326005932967
-0.9761766959828194,1.1500070353700642
1.3875702633315434,2.741076418062845
-4.798345265545517,6.3066564473689946
4.825055105816972,4.430726350744039
-2.4057238212880883,-3.786243042002703
0.7189262419553784,7.342518790822847
-0.4879387580013593,5.530178766968976
5.398334799396025,-7.08561674674888
4.7680174700677584,8.077835114974311
-3.347946444011368,5.851042758110269
1.4955395320765466,3.1140453799805137
1.205941021205397,-2.042036725445
-1.1584390066057473,7.104394715455798
-3.522817406605516,7.336807180292375
-5.78504535898777,5.837132766199863
-7.156135784465179,2.455469651205814
0.8274454791758309,1.5217292712412516
-0.0866434891754091,5.437560844076178
2.376571914744311,-0.2194418967891081
5.814647263662092,-6.43035359290665
5.04439384592954,4.623268608306721
3.438487205799985,2.7106554762779136
3.732221485305076,-1.0461044974460276
2.8680934680589663,-5.570748775643978
-3.540314281977484,7.80371955667758
-0.1274631451875663,-3.731443569356733
0.7325893501628535,4.7892729638483456
-6.508423758351143,-4.857242680179271
-9.46082373045651,-5.216014707949053
4.906906715154871,0.4099172783647693
6.326374349025711,-6.753147202621412
0.2203832409302401,4.670871889837681
-0.1823545050676124,6.131527691395814
-0.1868022303945129,5.283236727457563
-2.439239243439269,6.44020875659944
-2.297103448370941,6.270782493527844
-1.8541430210641368,-1.1192063062432085
-10.65632502612641,-3.327179957659438
6.356327068290062,1.2357938662033163
0.2249881243569365,0.4641834622031632
-2.3051529758724407,-7.239003272996513
-8.703788210670652,-0.9087424447684488
0.070955968851259,6.769429205956346
5.303531681368057,-1.2145269122781053
5.582010278626464,-1.452667075093531
0.5339725007911397,4.652146155317002
-3.761496546483509,2.2181717513153414
-1.4934656105481758,-3.4448850225553698
4.618958011230757,5.213366238153825
3.319010908693276,-4.264998319526431
4.698908313070106,-5.813508451771055
-4.522866438136366,-0.3328044814264269
-0.4181524407067681,0.0681016216947873
0.7956046120411103,8.16707651705913
6.553697166807926,-5.864463765425125
5.671138768718099,-6.472791855713709
-4.3463929134680805,5.123701912487363
2.2720239327366976,-0.8363579423990519
1.8912382582657952,-1.5014307288694178
-3.9322424773925904,7.348694525430978
-2.1242904734910337,-2.673210847212203
-5.985999620166747,-6.71374414140183
6.124537472580949,-0.5177858073371872
0.8962958198857961,-8.46848326705924
4.044912644086533,6.26725317998714
0.8405253663534895,-0.7302264883444313
6.060204194858012,-4.607488842311434
0.2376206288132577,5.891828168894866
3.2822052187735613,3.595115004952346
0.7846859719571517,3.6773615646469135
5.016900914231771,2.997880143747991
4.014951668288512,2.1634552325356844
4.222581495459596,3.3419683266987144
-0.3743645748687457,-3.4867208132981284
-3.080409190344516,0.6884354818301959
-9.207505087242238,4.362602706489148
-2.361276147197924,0.6495807710098599
2.230914162997649,-3.14465710979342
5.413125860914967,-1.160309448726027
-0.3332799072118993,-5.199144808846744
3.016775677211072,0.4440887160210401
3.9875900501830817,1.8782044271455929
-5.556599170436634,1.530904253768174
2.0608304173640684,1.872312149890357
-4.80277083162285,-2.509218287658795
1.524466530048285,8.484966657017662
-2.519275036906214,0.1880934024265877
0.2439932297714622,-4.421341741686104
-9.154478387873963,2.761945569738673
-2.9189925794399496,10.276139861781306
0.0855921654436166,-7.914999358577211
-0.9923514791316106,3.065836451469324
7.756766666279844,1.8516568043065744
0.6065592704998333,-4.632773251842989
4.363127497969363,3.869136928613668
-2.438914158698814,2.644376082963977
1.2219863303751428,4.9567821617208745
-2.592065495273726,-0.7851140991203998
-2.57383426403255,-0.4393618882567964
3.827751520987194,-1.6039704689933234
2.6654644474577336,-1.0233325283654953
-1.4743461940105616,1.842839928193188
-0.2716163513044931,-2.0823770277542946
-0.1866020424589022,3.560819226805001
-4.205739747268498,4.407802465425998
0.9529156431099814,0.5676960810608592
0.5018900881651936,-0.3500603853195294
-3.411810688027024,3.651059882771648
3.1995904584844386,-7.821706685031431
-6.173407631052393,4.619273838123156
-5.55554172157,0.8305814416739455
-0.7767959968651202,-3.661702941257447
5.606946083399071,-6.0426924887329125
5.070250968657467,5.293065654354117
-2.1282760493903714,4.5982051705792495
6.722552819519928,7.456586357192685
-1.1269681659320996,-2.468402637024436
8.275204160424513,0.300120984409599
4.69458000963033,-4.710502480221394
-1.0736264696348532,2.6785067963151423
0.6153498920276094,-3.117092526912236
-1.159125675616523,3.3990006432673683
6.810628191395064,-0.30560313295813
-0.171756506716957,-10.879484051076425
-4.908984828929795,-5.782498337220486
-0.4008951873403072,2.9687007108320502
1.5682055318207575,-2.2011749526296347
-6.804704120413946,-3.0758612709745456
-2.0458702165342326,0.4307240315112671
1.250353165901566,3.177862273445334
4.798254183092573,1.9491425862711265
-3.563818147068869,-8.85087575979652
0.880451953071324,-1.919419483040072
-2.6992272512559303,-0.7824295906091423
-1.922887682261847,4.1078080310267175
-2.361093110400601,2.407345761350909
3.234647479536873,-4.31390329366179
3.560061717758706,-4.450923132397223
-0.8776696078790016,4.14313120107472
3.950356062494846,2.992632542130892
-4.7057681491199705,-2.686663771048094
3.401854290915983,-6.412725455263636
1.2711724899647427,-2.97563010598599
0.1653374741943993,-8.907266480905708
-5.3767217693525735,-4.283110605216205
-2.0610252812277228,-6.723772146698203
-4.597296080688925,-2.4961692089645235
0.4758900525613612,-3.034628610020057
1.2511308006719135,-3.409471457932559
-4.624269866006453,1.9192041769675232
-2.3345677564416496,5.642001693825796
8.131362359766644,3.7687695429475134
1.669282818938531,-0.3630915714331512
-6.753875955872657,-6.504191712392565
-2.9570333919230465,-1.7319922433343224
-2.0189748597330817,-7.679054839104618
1.443740946155188,-3.975255235427776
7.397264507468413,0.0615348954261347
-8.180493444155633,1.0195711705852832
3.5862334222875263,3.918763585571699
11.320090039743103,-1.000836803838656
-0.9893401580801656,-4.165538368294564
5.074630066061276,-4.734073168923026
-0.956535561626732,-6.542294003662275
-1.0197122934944711,-6.794313874323495
4.452127932809287,-1.2011683916037188
3.296271122061814,-1.889448047965992
-1.6244432231780386,-5.716930185878715
0.6038390400720879,-5.812032386671478
-0.0740748928761677,4.386110672577856
3.3014348545708003,-1.6479840021257446
-0.4102243768115388,1.236526974062797
-1.0217619794768529,6.717763710314769
3.611106275310226,0.1980711578307326
0.9055870303057032,-2.200225809698741
-3.521044332538612,0.7586156476505737
2.4838949454278576,-2.613777395124763
-2.683297370397723,-3.9660146112813215
6.98902454050935,7.369983073730205
0.718960301691134,4.660147799226392
2.7883181701237985,-0.2086094685373608
0.8855489810649038,0.610921530365833
1.834948882789036,2.595289109988514
-8.195309396854471,-1.818023627066776
4.802850111085689,-2.8406376301314773
-6.70851736326579,-2.4719106970735165
-3.0525553019785896,2.1258935110433668
-1.2782522556577902,0.9858300981529814
-11.361114433068892,-0.5922047725025825
-5.680144559579781,2.547123364746657
3.0841475863402783,1.2701421983420436
6.35234513633539,8.168381640078719
3.055846050393676,-4.31263462697979
2.8668754266139937,-2.14404860591193
10.32775834205098,0.1918469265565164
3.277626942500803,6.2140484218694
0.5431913236604081,4.175660375691666
-8.210736082023349,-3.4461954911535733
-3.122237141601945,-1.8069016819972337
0.007484690993001,2.016345162606933
1.7969337060759347,-1.2836956619358069
-3.4605227821694635,-4.502779567076568
1.0213430224124762,-2.270881016031112
7.308146141626818,6.824142688430635
0.2942696337757772,2.133424586343052
-4.0575822492135245,-5.3026297687772255
-3.126789637995685,0.1024900201133955
4.3335244855081045,4.109143696372344
0.8540806114742449,-4.987537629943986
-3.8701445190800703,-0.7345199599717248
2.1611146056837063,4.010627125545451
1.9940845370478328,2.523683902207196
3.0811592822437706,-4.550620430074782
-4.9694281642230935,2.3544307949032346
2.603745445977362,-0.7842541309673178
-8.030950681263253,-2.468389467702649
-3.672116867596976,-2.214014233074358
1.307848449134631,9.703205023166866
-2.348582225103737,3.008104170975667
-5.254152572349578,-0.8693075455974075
-1.5183109846476115,-4.363939373483013
-5.80030977947351,3.293977913870425
2.009811326632121,4.001579023463126
-3.7123937364887576,1.9684015184486503
-8.93601742116053,2.8030343485443368
6.703667239072385,-7.699831840469982
-0.3208756943298272,5.311878516269454
-0.8404853690818777,4.670388290164655
1.2188819993719249,10.03940914868924
-4.989059569068397,-3.3697604381914403
0.6126477789575243,4.099742022269539
-1.1998200000735797,-0.4576922454853268
-2.632244569442067,0.4321372751278017
5.057747488948825,1.4050250000203486
7.396024365353838,-1.262177511025076
-9.316886713249568,3.5652205347026182
-2.474922245881092,5.202037247806558
8.604424890160292,1.276904080041707
-3.7871858657850574,8.19263519546274
-3.7803388874071104,0.2447764491400594
-7.82112495141221,-3.935375252606971
-3.409978711118389,0.6686875975082242
3.9475166633536434,1.470460012297926
-2.771819825593933,0.1530658615165912
7.717215408757136,-0.8967945848525957
-0.3823791918982226,9.915138921401846
4.502816948515297,1.726034747748744
-2.721676640867232,0.455325414034713
-5.718155419724583,0.6565088440328232
-2.204245199336593,5.9317869381961055
-0.6447766928093943,-4.527792284157672
5.846177091151698,-6.420243677763021
-5.832293982319447,5.196517350771164
2.979384861346118,2.1204440944424
6.96774329875974,5.653615600715081
-0.2451543392067944,-5.988035148628101
-0.7516474868092698,-7.052691071244138
-1.5048006723546012,1.9113059660222416
-0.9786173759595116,2.4519843057019
8.489539831086908,1.224899346813649
-3.279566148040084,-2.2530008183830685
4.440534642030235,2.497705562567029
-0.0652981608721364,3.778800608932652
6.87159414510271,-5.84840802618355
-2.846452533774437,-2.795109034860314
-1.4900307886231754,-1.7135708685096984
-2.763165178866185,5.04498116196369
4.059004004397232,-4.587409426667864
4.365430581583357,-6.9588077859314215
2.123392909808572,-2.294772650107752
-7.427257421512381,3.3727945386050946
-5.18948469274711,5.726490222616496
-5.80607732777736,-1.7446886600290668
0.3047070088212958,0.6915492858273272
-6.789267501455856,1.279742988904186
-3.50706322541764,-4.250056487078009
-2.8983820900346884,-2.8935104639202773
4.27421425302102,-6.47247966626081
-8.461068661056283,-3.1615027390186854
-0.0290434893928784,-6.339344170370084
-8.631648153312176,3.951537353038566
0.914282904865742,7.252037983423358
-3.931053176777676,-2.3949043124762515
-6.953021057657048,4.943366800297544
1.5085968558360967,2.921460294189806
4.740013742997376,1.7989300144707023
4.847255128327864,1.322022721192801
-5.187726281750776,-1.3513036453900182
3.743386572190975,5.778057577109015
-1.2586103140421216,-4.060120591356809
6.9137215335103805,4.954089298772339
1.630460133168494,-4.795132040197099
0.6687793028660683,3.434862253743267
-5.071635852349954,1.3585788751871315
5.140066872383336,-4.853032647520916
3.497159457164429,-2.265421599291156
3.1705857995409974,1.11844933563238
-8.206242665348375,-3.013885910930386
-2.363089440048739,-0.3339036668611994
1.9748938849675848,-0.0961930481809927
2.270383789959761,2.993077149724261
-9.546771000546174,1.0062317389292916
6.315428760147383,4.732729437317301
1.2003473667159137,2.9035367313611053
2.6487424743970576,0.7452451760884901
3.6323671330579,-2.3436456648261053
4.885657131160422,4.466872838270276
0.6703826711266994,2.097928222778928
-0.1882253851935544,5.57958641648592
4.935420080570602,1.6597556037219423
4.638654149447089,-0.1535873126679558
-0.2897636118557396,-1.2053576197501084
0.3638164436279534,-2.183803323057433
-2.045760092704075,-1.172484325174885
0.5799692415643238,-2.348511492813676
-3.093358470948776,5.357503919318304
1.964701755960768,0.7377250043112167
4.66096793047837,-3.970425631045836
1.809830865751989,6.885072186870618
9.193037268209906,-2.865258431757037
-3.6688970288844094,-4.541201247516711
-0.2224707954847317,-3.352973889051874
6.092310216612082,-1.7173667820603586
9.527554878918522,-1.406099491535702
0.9203820542130878,-8.501118901372443
1.4500090246837292,3.456317336018877
-2.2663637752139976,5.859690460549022
4.101704858961603,7.947488552293269
1.833819123759567,5.857784201058235
2.911823318824037,-1.9859596929018315
10.42005542675832,-2.464852000419326
0.0347771001863765,-4.610531123565012
-9.707719872185365,0.784866090173448
-4.7491733492636055,2.636643740508174
-8.10555845218817,-2.0803866808498666
-1.0876200037883452,2.0804532748989293
-0.4372861964747939,3.174556506071431
5.108587770548584,-1.021531609021308
5.93613825513119,-2.759340532118087
8.691315362643602,-1.8852997984661275
-0.6958990984748497,-9.768459947759906
-0.0283992493179593,0.4884279453867928
1.977503517140557,7.273555812492254
3.9163720026440143,-2.3867458629679827
-5.648263306361449,1.3406770181657672
-0.8003354359195382,9.604951095966912
-1.835708257349476,0.9510162228803064
6.454715784767386,-2.888840461647061
-4.9105058541381545,1.1880173886749357
-1.3046059162351296,0.7772752469905969
2.678443643779622,5.472149806192586
-7.298411583263075,-2.2178440990256103
-2.690734594515152,3.490025595650135
-3.6952013498425686,-3.82837176922244
-8.627311893759094,3.020709954507404
3.1568755215318647,0.7860911509379949
-3.3369883066350736,-2.395422768553427
-5.350847370919189,7.376117133363781
-5.150405770735915,3.6031467772691705
3.247124369796105,3.149781782554164
2.4785385513077625,-4.4345038265703245
-2.155354400115268,0.3788873136589036
3.1783723514142745,-2.4735283507571872
3.5556583710498333,4.364921601282212
6.634168843713865,2.5076907326008286
0.2453098083397297,6.15378073050702
2.4160094913405925,3.2907581507444874
0.4669537800373886,1.5362051580210805
-10.213106880941636,-3.2051407124137192
4.899858378151462,-0.8863111546468098
-0.1657769477885747,2.6529347765711586
-4.013393830717275,4.111519234503455
-3.815790633675845,-3.725058400714464
7.230352716716251,-4.534313987823483
2.129633594325791,4.208389710898016
4.352736431670344,1.7421897988985358
0.2341227854156614,-6.394683707991594
-4.400675782636898,-0.9272607793177304
-2.539074022701975,1.5099570420602393
6.31202641924502,-1.1446036856136053
-3.051075737576965,-2.008396628461259
5.470873687480827,-1.9130653474528097
-6.382976037120582,1.9965086642991
-5.8497601279595335,0.9959179669793522
1.5829624112867928,-2.702435506829411
6.165587183662273,-2.26250332050542
-7.393319982305164,0.7130033442316157
0.0256383206065729,-3.974089278015848
8.917678613618362,-2.635423546926948
-2.144454468978411,-1.226830020212082
-3.832009957458064,-4.603771840112569
-2.251027859201902,2.937277865327107
2.212204259543007,-4.180611569287714
-1.0056822922815376,9.683966190541891
1.156716817392455,8.748388887243644
0.632995639319605,-0.6368947740949971
1.3285179355299674,2.459547168245636
1.8519427580944168,-2.0107416203952355
6.067583036492173,6.289588597263319
4.62327511682892,-1.229114904322033
4.848467639572299,-0.8702202728457189
-1.3204578380914596,10.008702282547343
-2.338006550383964,-6.584471226312697
-1.6309158651846156,-5.592591256580425
5.038387052921888,-0.0966465153853648
-0.539965964399761,1.6365461284583052
-2.187445788526068,4.25905684856095
-7.1197414985480325,5.656672653442174
2.946064699729962,0.3635058200454707
-2.0184640571463968,-4.874319556744855
3.441183187379603,4.0848493819384695
2.280341374477077,4.157600355896365
1.9323491189479016,-2.766030569621317
2.687462706676776,3.3774500616014005
4.571359665011467,-1.462463361553461
-0.4004503257697702,-2.02271342451524
7.011699902208635,-1.5648102503034895
5.573680326894455,-1.5261524144283265
-3.532291611090556,3.4660667307932966
-2.633710538943442,-4.202390442954332
-5.390014006486151,-2.483434764039877
-0.8925598567489434,-9.043048328947688
0.6061229035266759,-5.187298700013627
1.18274817616851,-9.888313828862264
-2.8067299166995943,-2.1586139259868853
4.939932514466047,1.4777364498894732
0.0152152936044893,-8.581529843976721
-3.113177558824719,2.22181989290151
-7.749354830593312,-1.829177558694637
7.241704729252656,3.3743623779538106
2.821981630853206,-3.997389494088096
-2.767810919387933,-1.0762632984766956
5.167621279956266,0.7701721711282343
-7.185430837211723,-4.898439126703213
-1.493080280166745,6.103383032729638
-4.308043715383515,-2.071918702518249
-2.682423076848703,-5.7855581102496
-5.098397592445899,2.67862640827106
-4.958159397740391,0.6460708937880205
2.2268236156370134,-4.022270718761841
10.482317894152176,-2.3902479994202506
0.4304449686381699,-7.69866753398324
-1.598660621623818,-2.551207726229996
-1.1956708264420732,0.9768649154647124
-4.943751026519183,-4.223309993891458
1.8612416756006904,-2.719603830753801
-6.034843278940808,-2.0074871394206424
-4.187948541679876,-1.664798991074712
5.302732784165842,-5.793685217248327
-5.11865191289508,0.1069841930961308
2.952036761683586,-4.805391140502767
5.277050784344332,-1.4325337114224792
5.8542539670048255,-3.02053063633237
-1.831546364902737,0.446773027979097
-2.643363009086759,7.778492008156413
-3.514806226442229,-2.693798657005793
6.099443729660241,-4.766261428110941
5.184022619913623,-0.0395486442354683
-8.267317529820753,4.847660959808962
8.498826014341548,5.061802351841197
0.2241752538046933,1.3301236373794112
2.303205689015302,-3.5836077399418134
-7.288717748004823,1.1098444960421634
3.171869212700466,-4.633805033440825
3.1438284815187254,0.935574837571338
-5.710889484775066,2.762628132092158
-6.900497363179257,-2.090566324545636
3.441573662757908,1.3505333369226828
2.89844227443892,-2.419839690212298
4.503714166360037,-1.889437345617209
1.9446845215628712,-6.520200696069867
2.718652373448179,8.173772912907607
6.321482150707866,-3.263256732735946
2.9037730613631365,-6.978769751702617
-1.0725386618068349,-5.596956155172099
4.253708283676449,-4.146629982861561
5.358732511376205,1.1752031434926042
3.446659965318573,3.376675132954274
-2.4983586478069024,10.164038728425911
0.37615593610183,-4.148894483875568
-1.1598018667089505,-6.227876882485004
8.848614464139873,2.8128100393157536
7.0881645864427565,4.249103320656183
-4.127434928610775,5.30160919606604
-4.072123197645169,-1.514694642858316
0.2984820231944552,-6.227749501216756
1.5100559662618018,0.5316443868279289
-5.094204974428715,-6.790023575588855
1.1136639952246734,-6.535373058701212
-2.113947607612649,3.5504963348622547
-0.4022120945114275,3.92553951599926
4.095796343354196,3.016357502837522
2.031062664243607,-3.923872245118648
-10.592384335447964,0.5757816172000378
0.8972723244060713,5.176401471748164
6.426110229664413,1.3388069208395983
-3.940105852290466,4.495759367512851
-4.03077517990096,-1.947867997502701
-3.757009791554113,2.1900930889188785
1.73159786689157,-3.4086448300745147
-0.5759893638723432,3.223841788578595
0.5689894686282914,4.366883437437085
1.5484214045044395,-4.29277208319004
-5.858965271753259,7.449666876475391
-4.256503567271316,-4.75313225393669
6.021820887949554,-0.5334185385362441
-8.245217300553286,-1.358770535829244
-5.064043835119207,-2.8506660583995926
-2.7048522784888327,-5.075197622466533
-6.543718822409914,-1.4486718249069583
2.370176845143481,-4.357477740335414
-7.447499455610216,6.501035212854867
-0.5653701112330335,2.945397947099868
-6.369862651442835,0.241500924079431
7.89160955362309,-5.906041276919551
4.445712788395688,2.4663506542474307
-1.6812196406334607,-2.5167911411053643
-1.7129197635230646,-2.7373515678958604
-2.9608302177935446,9.044855470383386
3.2433585991928973,-1.752101238116213
0.1353189216743243,-1.9022656213713325
1.3286610008377993,3.514688959660924
-0.1800600029685303,-5.824581141927828
1.7973458563741305,-8.635951938897906
5.348480269349769,4.413778739358741
-5.9285814813350335,-5.75386241903734
-0.1089668778009799,2.728298574048849
-3.5099485791598384,2.8368683650072724
3.091104364892771,-6.373744147672355
1.1289107212218104,-0.5351633204442432
-4.228864600706208,0.6853761795017154
-5.8748337837722,6.676968671691897
3.3151061690266133,1.3400082323681084
0.6438736655400421,-11.009412920757349
2.400268562730386,-1.8144586117734385
-0.6603641196406328,-1.525161261203214
-5.091386325778458,1.8941313992366624
-4.661358599820256,-2.5047385871587067
-1.9174236556223203,-2.071322552000496
-3.5972676149978526,-4.020777904868716
2.3681188180430017,1.028534059267805
-2.503401636059863,-2.829873237387021
5.914672296022646,-6.394456404491503
0.5884318259064695,3.838891471594605
2.6619452653684847,-4.6131441382126805
-0.5237886153406396,-0.3635277916981977
0.9874059008903546,-2.682339120460288
-2.679764139073523,1.367010646010009
-0.9824494409238608,3.116827885438147
1.9408208880505893,4.277681832340766
0.2035267090413956,-4.584097300993203
-0.868322320750633,4.9194171916060565
0.334679723757502,-8.190316389820492
-0.7605312331078863,-4.409760970379058
-4.725662063499992,-1.175516261916021
-6.121456417273308,0.7115504060717753
7.01416878454322,-2.628496781622905
-5.218401863822109,-5.155782969001769
0.0571294274304542,6.5560232972069326
-0.3744449842825725,-5.49593644757416
7.268390601571138,-1.272720567411312
3.223065442892158,1.1581582838211333
-0.8271471858406041,3.903484307252572
-5.108375786878557,-0.3483841961040337
-7.322809757819814,-0.5455464398374299
-3.076069047795123,0.7872900507986603
2.924885081321416,1.4848378564764062
10.799998607725982,3.355333504046336
-1.907643564283852,1.6516692814357483
-0.4685819217675278,2.7056088866667736
-4.6206634095422645,-2.4085144743002536
-0.2361370153593306,-0.5603977826081306
0.2849384401096557,0.9377050728586
-1.6335997891531695,-5.460702126043387
-4.3022611012846905,7.482637610577091
-4.711669451655699,0.7399083552525715
0.66718421378612,0.4694503656845231
1.4796388891105785,3.0462444658760472
-7.247060004194568,-4.998438320390034
4.909059245546249,1.563677501464341
-1.5761440258438812,-4.369307562211874
-5.12708266042965,-6.820822285370355
1.2726133457329307,7.366155484060192
-0.6429833977163453,-3.404357088762723
-3.238343116593846,1.6952442955746854
2.9806977471517184,-0.8702810232958029
1.4811075892358867,-3.7397126075485385
-0.9247117124807664,4.537297116218215
-2.625312225736536,-2.8235658876140817
-4.627827749423155,-2.66412249173295
0.830917307307425,7.761120722680698
2.0078675012708165,-5.506031520376856
-3.804208240801565,-1.2628683252334818
-3.08923507867952,-2.0784095970431355
-3.5644769227554463,0.4474453005208598
-1.2315931691104167,-5.219272555313988
-0.8694154967841795,3.5799882544831827
2.359244155618472,1.3706541628107851
-4.187619054135463,3.2976244954532703
0.2306562550001238,0.534482306764801
3.5958567660394034,-2.450405933878015
-4.8303717228518686,4.1858301787944745
-2.0391046977035807,10.971274371867327
1.238317012566144,3.747590273816441
1.5664355930937903,2.607607828168696
-4.621849513583022,-0.2580771677717506
0.8650134293911418,-4.9600042845970105
-3.604743955578431,0.9346526902343184
-2.221342877582479,-6.064851869391704
-4.311709097581229,9.777632289530608
-1.834583883947807,0.6835319185667367
5.491221887125185,-3.618130400545037
5.990879812395023,6.623429985958754
-4.147034176346831,1.9851670486811783
-1.8152527929172384,-4.914648973891152
-4.73588312492655,-1.2548967196625411
-3.361877656384306,-10.091046891760309
3.895347033193556,-1.0430021980518658
-5.341991409901577,-1.3165722419017123
-1.3369393534117826,5.3091102425024825
-4.062290591469708,-4.303338053858467
5.132063565602284,8.473045206454294
4.933733841103517,7.271575797041175
-7.903374693593921,6.235079769460178
-6.931769763297595,0.7095324826454154
-2.2543659852207183,3.2456882557271065
-4.06338272467162,5.87614315737347
3.591570900769621,6.700949604920851
-4.843940669270024,0.9047474078315376
3.702396506984828,0.0937020294497152
1.501233166582134,-2.1462251114961486
-5.950979290936844,5.570715525743034
1.327524169367686,6.038110095147542
-6.4026661940182725,7.142085878687729
-5.048769996034459,-0.7828935851796325
4.148614459844642,-4.325177274982355
-8.810444486189873,0.7049305127813333
3.313066701446962,4.064398355918583
-3.204818128840208,-7.975051374071983
5.605317128586302,1.711999085367865
0.8235314478539039,3.216429080016129
-3.445216730081309,5.060329098563794
-7.081896975951612,-6.874579957174582
4.270679755932888,-1.2808343904920676
-3.0023415493057777,1.582567163393119
-5.493805809375195,-0.0824330926549338
-1.619429024061496,2.0839944291612973
-2.5809695086838365,-1.9658118030720344
-0.2974449232893525,8.664627025361032
-3.0713875740194587,-2.158803646502537
-0.6200536128728857,-7.173467397620036
5.723448830234782,2.86081377039848
-5.918080473240161,-2.277641399564963
-3.6280390619230487,1.101128577812812
-6.4833628412515925,-1.8884726317706613
0.5315872687070603,4.198220660422414
-4.960125944157579,-1.022617363243833
-3.6985452893082535,1.7041620184741582
-3.303643297684735,-1.7054323062689465
1.7166974161935038,5.356857070159887
1.7900044201919671,1.2304378299296403
-2.85659529914084,3.682185049427265
-2.405714224004128,-2.445524839114991
2.5184640977967723,5.370924970730508
1.369891487231291,-6.108414031794192
1.597087413389364,4.402625964682395
-3.824504914780455,1.9447372026017928
-0.2890490285259209,-3.585086547277545
-3.116658913407264,3.162670134496653
3.061954433853438,3.965936201807237
3.9958875902487234,0.4261288343877258
0.7386403216818417,3.7472102190887657
7.934818107970287,0.4754948060098382
7.193809882464432,-3.225358968969649
10.508510703175292,-3.296818057356171
3.512919918090926,0.2946271056953172
1.777899951888417,5.911055494942017
5.473600402717295,1.2696853497267675
1.926013340178247,3.94295163168738
6.228899238383573,4.450089420370976
2.965260164226465,-7.198979128550378
-4.014412446630329,3.0069043278631256
3.888255659348191,-3.645827828690249
5.327579886262733,-4.248725363675735
0.4599774607517913,9.8931083233008
-9.250030075895465,2.517439889059739
-5.597410252680863,4.573753308962617
-1.518717661280383,-3.739554308659677
-1.0997059965373883,1.7974156394364782
-6.023218779857003,2.9779625219504755
-1.950069415130978,-0.7228578782862874
-0.8563896412073114,10.740969209714704
5.936180433462607,-7.735783485468225
-4.383889651250455,9.708075345499312
-1.4431140141772314,-5.593814091369725
-0.6149020502344561,-4.721581683933279
1.705704606906958,-3.017680700395517
-2.483126754135432,9.43986954347016
0.40853561904051,-4.479195752223811
1.7080312162953466,1.7122431921054169
3.771271265426576,-3.453012445077061
0.6754444778159977,2.950666168323065
-4.30866673228277,-1.9490904028108005
3.13568601705632,1.839210398686437
1.3209009779991971,5.279515014025911
3.241154809133385,-3.4864850814472206
0.1674712880787122,1.6569400054871342
-6.333499309583274,0.7187808716525551
-3.92590936281422,2.361393162238495
3.765601599954774,-2.899524021292358
-4.855353467006115,2.6350467039115704
-2.8413332677950605,2.443526666138222
0.8712592701357368,4.2221065698995135
2.7501445947117467,5.690723806478705
3.7018061346288937,-1.3818579334788677
-4.673921824363432,3.1914260152994807
-1.740647110969926,-6.1750376929706485
4.354270570748223,3.3610270406663902
-2.5079908278650263,-6.665974872136282
2.5165767437507367,-0.131142900801301
1.3285180396092489,2.783501171032233
-3.692273837415585,-0.2111748282627841
0.9043791777776866,3.955483310254466
3.759905407561821,-6.657717772431298
-0.5102424802825848,-5.374031861819067
-3.066765744412855,2.787912006366096
-2.083702475720809,-4.35834228456216
-4.469856720337838,-0.6363351000908689
1.9110035927079865,0.55452611125845
-2.7325471740972533,2.7263382485681564
-2.273199790029345,5.3602294799898464
-2.095022989621437,-4.450277451451264
-4.465135436181579,-5.137321716330091
-4.548574198149316,6.312201324648504
-3.2559250767145422,-4.401212010971865
-6.212331867913538,-1.6639938639629972
5.844768717788228,0.825302289335668
-4.708551456646024,-0.1129959652374757
-0.1736995824859889,4.269589423683774
-3.090497516386586,-0.8817757210299256
-1.6082889552557929,3.615334550150568
-4.871962513710503,0.0949650876654479
4.269351062540325,1.7448155166095405
-5.911688188183312,-0.1814304061624511
1.6061230699629447,5.848995936818329
3.9619983154543954,-2.0683718186637985
-0.8845996944820315,-3.984483269135548
8.971806595332861,5.284824999242554
-1.9975611204955632,-11.32948022696411
-0.5025160923670869,9.194656116288684
-4.060156483570887,2.0376636117632847
0.0201280360075143,-2.1814838455833647
-3.667416644326026,-9.019159048697516
-6.124842674358012,-2.031142021191947
-6.297423701279763,7.487173498662728
5.289946145207098,-3.525346176134467
-10.512905441154189,3.039825244489428
2.020682893227616,0.0055159477975438
0.1285585493877981,-4.753277627396729
2.8393880539117604,-2.2533672125091506
1.951383232644712,0.2601189502596215
-7.259418241189989,1.7793900042156674
1.2953200607023323,-1.6994399195804537
4.299028945275021,4.423921324819265
2.610062624183062,-6.60587544950505
-6.183520298860529,-4.826508218622623
0.2633266916122561,8.138882534630183
4.746458641027813,1.115082445495992
-3.0209193917436705,-4.974030477259639
0.1287059892331931,4.434031665953318
-5.647555634289888,2.3662371953317227
5.910797866979418,3.473462962174436
2.342076182707041,4.009493386579857
3.343233113713389,0.1300608308214288
-1.903212603851521,6.522595771960578
1.851753434443676,-4.307927364565207
-1.8809854324222297,5.681898410020459
-6.435456040980676,-3.24909866245351
-1.3451782552127178,-10.856875348838368
1.9519554424450285,6.98847470862074
-1.332501958367917,-0.9506827339659352
-1.534720549946068,2.951946630322685
4.740799046533259,-2.266372776731792
0.0739500444820023,0.2877116569377128
-4.166827266673852,0.559548396666502
2.75450984167521,-0.6257996605651543
-1.287892760140403,1.2495744367557688
4.217491830902802,-2.8321240561429226
6.161144548553563,0.9050856738297812
-3.046024527655962,-4.627085821697316
-5.135972938381772,2.4474796004187587
-1.6411873865628104,-2.073143595623116
-3.686554415291251,-0.383212198809039
-2.9443866208310125,-4.615377251499274
-6.761205259647709,1.2127419011605791
-2.7017526238563363,-2.1048470835109354
4.615289028529653,1.911163704970512
-5.625535622279988,0.2790447242384908
2.446975979538374,2.6631285072296547
-4.572389593783256,-6.715969983376044
-2.0999731557430272,4.014891764232932
-9.652978663820646,4.663172282076361
-4.375862259841656,2.7896850667250006
-0.7287730058646605,-3.435155759482625
5.349952770097597,-5.37256636587449
-2.4847325340834554,2.6676555245267184
-7.443274733177835,4.88154010586324
-2.7280226103675345,6.758011234516378
4.304636616752505,2.257029820357036
-3.5551730025219404,-3.252698289082524
0.6192653612379502,5.122538584386558
-3.693677425111008,6.751804690202193
1.000279613476121,5.154944357817548
-6.5019738091702965,-7.657024390682651
-4.7372716692779,5.21218851832387
-0.5969454027129668,-5.1286744281211485
1.696386693401713,-1.9409571516899995
-6.101893189950304,-1.321098285423313
0.6493067058836232,-4.424579142084747
4.288481323720791,3.277880661903294
2.2383444820057226,-0.6314235952744173
-1.0674093778154434,-4.479286927833667
-10.501099022197598,1.8103848497832
1.6972208049632496,7.53658802880468
4.886268733856853,3.5670176944401626
7.548597379464167,-1.5786843076181525
-1.162011967411987,1.9260412533949585
-0.0454285770210527,-6.339307315247948
-4.382243092000127,-2.985686073261682
2.909303690004009,2.1028121699749733
-1.136163606914138,2.8944718564830594
6.8683823994039885,5.478941038995032
5.412679415068468,8.16795932783014
-5.181627202443755,-2.774744734708166
6.092185430560297,-5.649979604338808
-3.3689331427793023,-8.895152278557946
0.091766411753272,-0.8957517240151992
-1.7865001373904972,-4.633997771080105
3.88877660747315,-3.650045764121892
5.023722272936182,-0.0404922932443422
-1.5858849757331042,1.2418527622511957
-4.495706731377039,0.3010281068943327
-5.55274473549159,0.8105009324754338
0.1506864155903431,-3.8277438031143296
3.3282923288480064,-4.366996775311442
0.5632012419265497,-9.069878705982749
-0.5770879565628491,-6.720727012725459
2.6293223735054165,-5.751261788974522
-0.1388452246458062,-5.043229864044233
6.258695167554761,-2.875821025395191
5.088014610384595,1.9362033406987555
6.03666573411671,5.865318326003
6.8652219268305865,-7.060315934953645
3.3133844754134443,-2.6334549391955107
-3.7870577345899616,2.602235311829925
2.241788523166377,-4.637643609320234
4.758769038512026,3.24828503817112
-0.6606061050576885,-7.468698783330097
-3.2610303802607423,1.035471112821055
-2.3364007511923885,-0.7629026028175242
7.486000084060653,-2.908891650460088
-1.7571438853192085,-4.901501381945087
3.8819564938491458,-1.5485673923451808
1.5297853778082706,2.958199682412839
2.791902603671788,-5.407412141064357
4.9866841661842685,-1.8257404136827915
4.699177413248299,-1.3037747707782064
-7.472552315972669,-1.8723424503219512
-3.6626496518756033,5.068386438447132
-1.0137990031544757,-3.3375508836751364
0.3594396242921002,-4.143175084319858
0.6218015162699486,-4.454588516204892
3.3224159469908936,-1.0242439834728954
-2.5162879581811866,3.177063083076938
2.6132232287940846,4.255191527030407
3.984339979248683,1.8850561440658125
-1.5103607911693182,3.6094061994516986
-6.859257202179216,3.8993885507065102
9.52051087673776,-1.7245693102618578
-3.872040246825691,-4.284452122195306
0.5365585751245288,7.497277452690941
-2.942921131122486,2.240679811632281
0.5347244056317372,-3.827569174267619